Round,Phase,Individual,Puzzler,Cohort,cluster,prob_cluster_0,prob_cluster_1,prob_cluster_2,prob_cluster_3
round_3,phase3,1,1,D1_4,3,0.3895940900415292,7.368821827950108e-06,0.05464468532032352,0.5557538558163206
round_3,phase2,1,1,D1_4,1,0.00027919645549615696,0.9680125719245013,0.012523708067985884,0.019184523552016056
round_3,phase1,1,1,D1_4,1,0.0004435242741502356,0.9651721151536363,2.9775115109604393e-05,0.0343545854571047
round_2,phase3,1,1,D1_4,3,0.0062777158444059285,0.008086836550408795,0.02639470905520588,0.9592407385499778
round_2,phase2,1,1,D1_4,2,0.002644424405079744,0.0035776456195444773,0.9937476711701532,3.02588052228805e-05
round_2,phase1,1,1,D1_4,3,7.090466447401157e-08,5.564629470656686e-21,6.094261574701364e-19,0.9999999290953373
round_4,phase3,1,1,D1_4,2,0.030490009488182236,5.6554116694779e-12,0.9695099905057837,3.770320326869794e-13
round_4,phase2,1,1,D1_4,0,0.8930092710080517,0.00012872522402524914,1.8060860972645174e-05,0.1068439429069503
round_4,phase1,1,1,D1_4,1,0.00031822992956313757,0.9926530979908815,0.004048569010454551,0.002980103069100437
round_1,phase3,1,1,D1_4,1,0.04652588653906887,0.6800772240437407,0.0006188075441752802,0.2727780818730157
round_1,phase2,1,1,D1_4,1,0.00545212056920494,0.8447541047284398,0.009414103185818357,0.1403796715165373
round_1,phase1,1,1,D1_4,3,0.0022231822008631826,6.916347186988207e-08,6.043067203604987e-06,0.9977707055684616
round_3,phase3,2,0,D1_4,0,0.9997316273302285,1.510686356551922e-06,0.0002231126159478237,4.374936746687418e-05
round_3,phase2,2,0,D1_4,0,0.8762526200900218,3.1546840778554804e-07,0.11544006616974176,0.008306998271827914
round_3,phase1,2,0,D1_4,1,0.001124233746540425,0.793009900913619,6.354176178008455e-11,0.20586586527629847
round_2,phase3,2,0,D1_4,1,0.005376404384403597,0.9935889418283049,7.192955439800109e-06,0.0010274608318522691
round_2,phase2,2,0,D1_4,0,0.9996117235436777,1.6420404458295366e-15,0.00038827611438819597,3.419313239334438e-10
round_2,phase1,2,0,D1_4,2,6.45000907189963e-07,7.889934186445867e-17,0.995534238922706,0.004465116076385484
round_4,phase3,2,0,D1_4,1,0.00499211830339627,0.9822338200850058,1.1830776576279595e-13,0.01277406161147813
round_4,phase2,2,0,D1_4,2,0.004494594594684825,2.845540537119361e-05,0.9954717562497992,5.19375014397505e-06
round_4,phase1,2,0,D1_4,1,0.00011688187316423138,0.9849077479135334,0.008424989441558868,0.006550380771743328
round_1,phase3,2,0,D1_4,3,3.70704288083707e-07,2.364425719009768e-18,0.001807554454374128,0.9981920748413392
round_1,phase2,2,0,D1_4,3,0.01765627038975477,0.20835152254319855,0.08525292361579499,0.688739283451251
round_1,phase1,2,0,D1_4,1,0.0009092580299882757,0.9890441684932819,0.004051104482267227,0.00599546899446234
round_3,phase3,3,1,D1_4,3,0.008538862220684134,8.10262996321388e-06,0.3045945705052912,0.6868584646440601
round_3,phase2,3,1,D1_4,2,0.0003461596905261352,0.0010200485989142218,0.7437095330006827,0.25492425870987856
round_3,phase1,3,1,D1_4,3,0.0063412351784700345,0.00799254968089153,3.766665617398088e-07,0.9856658384740763
round_2,phase3,3,1,D1_4,1,0.0018693106361774962,0.9900359968823885,0.0010285002687744644,0.007066192212658091
round_2,phase2,3,1,D1_4,2,0.009953161355575592,2.35021641344585e-06,0.9892559939548853,0.0007884944731246628
round_2,phase1,3,1,D1_4,3,0.0017078730927685831,2.351219552468056e-14,1.6675411759550296e-14,0.99829212690719
round_4,phase3,3,1,D1_4,1,0.12125801171071221,0.8729883117010722,3.791651006351932e-09,0.005753672796564979
round_4,phase2,3,1,D1_4,2,0.027040465786589574,0.060182275102409505,0.9120253377397651,0.000751921371235295
round_4,phase1,3,1,D1_4,1,0.0066904134102404745,0.8791460784332737,4.706334017261509e-05,0.11411644481631368
round_1,phase3,3,1,D1_4,2,0.21736533136213787,0.2617056339393386,0.5111643245606207,0.009764710137902631
round_1,phase2,3,1,D1_4,2,0.00031573737349174124,3.604150985979784e-07,0.9996802770325741,3.6251788372004506e-06
round_1,phase1,3,1,D1_4,3,0.053839907401562775,0.0001264126695204951,0.191764918420294,0.7542687615086229
round_3,phase3,4,0,D1_4,3,8.624657871273199e-05,7.690750139770196e-13,8.829202476707419e-24,0.9999137534205151
round_3,phase2,4,0,D1_4,2,0.002554595364568475,1.0537058041791282e-11,0.9971286222850952,0.00031678233979932376
round_3,phase1,4,0,D1_4,1,0.0015172789059989824,0.8937284902436127,2.083499388396719e-05,0.10473339585650361
round_2,phase3,4,0,D1_4,1,0.001972814008013984,0.9828993215144047,4.136163344630096e-10,0.015127864063966389
round_2,phase2,4,0,D1_4,2,0.03775586846781366,2.097327563348936e-08,0.9622435695709058,5.409880065816468e-07
round_2,phase1,4,0,D1_4,1,0.0008534131463571153,0.753899120861354,0.006882816438521333,0.23836464955376602
round_4,phase3,4,0,D1_4,2,0.052469516096742254,0.12942945881238185,0.8180105956661584,9.042942471732266e-05
round_4,phase2,4,0,D1_4,2,0.00046538948897892227,1.1356676118452923e-10,0.9995344515196699,1.5887778287124592e-07
round_4,phase1,4,0,D1_4,3,0.00899914262159573,0.2926002471559854,0.25960781909740294,0.43879279112501574
round_1,phase3,4,0,D1_4,3,0.008936533038920115,0.007651214222786077,0.0026189796892658913,0.9807932730490289
round_1,phase2,4,0,D1_4,2,0.010691533389145304,0.04951567963323295,0.8763638870381445,0.0634288999394763
round_1,phase1,4,0,D1_4,1,0.003791628284395611,0.9418937554956177,0.001864808154213201,0.05244980806577454
round_3,phase3,5,0,D1_6,1,0.008408724391554778,0.605525086575932,0.33343216419672883,0.0526340248357852
round_3,phase2,5,0,D1_6,2,0.0007041110008946807,9.749187737491864e-07,0.9992611453531197,3.3768727212082435e-05
round_3,phase1,5,0,D1_6,0,0.5439643701058324,0.4019794217273013,3.976699176093469e-06,0.05405223146768889
round_2,phase3,5,0,D1_6,3,0.003695238882201755,6.68701193601182e-05,3.742291230411874e-05,0.996200468086135
round_2,phase2,5,0,D1_6,3,0.0010932038040379721,9.105247811034502e-06,0.48383717982846913,0.5150605111196819
round_2,phase1,5,0,D1_6,3,0.0022956617723351724,6.424890222586695e-10,2.979501260370222e-12,0.9977043375821976
round_4,phase3,5,0,D1_6,2,0.0023466605828969824,3.6718195879442575e-09,0.9976533356158956,1.2938859415867788e-10
round_4,phase2,5,0,D1_6,0,0.9920006331656706,3.3326365327791132e-06,0.00045136648719443126,0.0075446677106012485
round_4,phase1,5,0,D1_6,3,3.2129004267970416e-07,2.951909334180865e-15,2.916477292188689e-15,0.9999996787099531
round_1,phase3,5,0,D1_6,1,0.0011341821432448707,0.9927378566184702,0.0003576367454046204,0.005770324492881586
round_1,phase2,5,0,D1_6,2,0.00046712218582435297,0.03201979726974056,0.9596741972688485,0.007838883275587936
round_1,phase1,5,0,D1_6,1,0.019299229877524294,0.9731178279171206,0.0013830659879784262,0.006199876217376452
round_3,phase3,6,1,D1_6,2,0.01628844219012532,6.131074467259203e-11,0.9837115575726426,1.7592137649007188e-10
round_3,phase2,6,1,D1_6,1,0.0005192564035881167,0.978326449769526,0.00011324086003418746,0.02104105296685289
round_3,phase1,6,1,D1_6,3,6.584143161850497e-08,4.8070074864904576e-27,4.5524966786600895e-11,0.9999999341130441
round_2,phase3,6,1,D1_6,3,0.004624831436770515,0.005646219272397006,0.00012301983722845685,0.9896059294536044
round_2,phase2,6,1,D1_6,1,0.0012811763252741758,0.8499509741287103,0.01931573226069855,0.12945211728531686
round_2,phase1,6,1,D1_6,1,0.008913144866516806,0.9824911162432094,0.00574713911936069,0.00284859977091449
round_4,phase3,6,1,D1_6,1,0.002344451277386575,0.8626476935471851,0.045902102122089006,0.08910575305333894
round_4,phase2,6,1,D1_6,1,0.007669489344590676,0.78080496811828,0.07100551974698482,0.14052002279014342
round_4,phase1,6,1,D1_6,1,0.0017192008375628862,0.963987056710853,3.060446297757744e-05,0.034263137988606335
round_1,phase3,6,1,D1_6,1,0.09569312118406373,0.8889163309632161,0.0009992089797122646,0.014391338873007881
round_1,phase2,6,1,D1_6,2,0.05329362909681617,2.0169802594454642e-08,0.9467015772039252,4.773529454442649e-06
round_1,phase1,6,1,D1_6,3,0.06681606653457187,0.34808797824996957,0.0026847842172000127,0.582411170998257
round_3,phase3,7,1,D1_1,0,0.9682043310496736,0.00011450711375695273,4.148667789113323e-08,0.03168112034989036
round_3,phase2,7,1,D1_1,3,0.008037285595187339,0.01522615797714155,4.1820821894576624e-05,0.9766947356057765
round_3,phase1,7,1,D1_1,3,0.0008225251122764054,0.007543930379077056,0.00013326839331257015,0.9915002761153326
round_2,phase3,7,1,D1_1,3,0.011123966851791268,0.00012986704335115324,0.0006822617201967119,0.9880639043846595
round_2,phase2,7,1,D1_1,3,0.00011524322000093008,2.9893815237624764e-12,0.012035067168850581,0.9878496896081592
round_2,phase1,7,1,D1_1,1,0.025266583650263488,0.9528003366942408,0.0001408673620272958,0.0217922122934697
round_4,phase3,7,1,D1_1,1,0.003099668902140246,0.6612006480017074,0.017054891789976392,0.3186447913061746
round_4,phase2,7,1,D1_1,1,0.0016824817474883867,0.5087822899093823,0.4755154682848578,0.014019760058270898
round_4,phase1,7,1,D1_1,3,0.013284319032912393,0.00918240899023879,0.3010313935654592,0.6765018784113911
round_1,phase3,7,1,D1_1,0,0.9999769386304291,5.346565950391546e-06,1.56821443556633e-05,2.0326592669579437e-06
round_1,phase2,7,1,D1_1,2,1.922869913710094e-05,5.301418036013639e-09,0.9999479128087028,3.285319074385706e-05
round_1,phase1,7,1,D1_1,0,0.9987087161614472,2.5882588370273615e-12,0.0012912838140940245,2.187370813481514e-11
round_3,phase3,8,0,D1_1,2,0.094669165744353,0.03911490967573044,0.8606182935363423,0.005597631043572972
round_3,phase2,8,0,D1_1,3,0.3364814871172394,3.146697599038848e-05,0.0738623799397735,0.5896246659669974
round_3,phase1,8,0,D1_1,3,0.0010929322939211208,9.074026073695288e-09,1.0248501427607387e-10,0.9989070585295692
round_2,phase3,8,0,D1_1,0,0.7584599922260576,0.02246921214494297,3.5485846477458606e-05,0.2190353097825214
round_2,phase2,8,0,D1_1,1,0.012311740200895304,0.8723448951769157,0.09970633405549069,0.015637030566698108
round_2,phase1,8,0,D1_1,1,0.019235066790807907,0.918201705866959,1.6497369012001224e-05,0.06254672997322071
round_4,phase3,8,0,D1_1,1,0.010372579312531636,0.9878915889446206,6.792657576529694e-05,0.0016679051670839763
round_4,phase2,8,0,D1_1,2,0.001654205435436785,6.644435204932738e-05,0.9982373435356618,4.2006676851609785e-05
round_4,phase1,8,0,D1_1,1,0.0006335766918843117,0.9950337643101876,0.00030468131372509793,0.00402797768420295
round_1,phase3,8,0,D1_1,3,0.01426832442337277,7.230860964040797e-08,0.0052690936750048045,0.9804625095930143
round_1,phase2,8,0,D1_1,2,1.9913486377170494e-06,1.951889763984396e-18,0.9997785775764988,0.00021943107486231637
round_1,phase1,8,0,D1_1,0,0.9715583173303641,1.546145395169293e-05,3.669250364595819e-05,0.028389528712037364
round_3,phase3,9,1,D1_1,1,9.410410401017223e-05,0.9873082491993561,0.005047105270126417,0.007550541426507933
round_3,phase2,9,1,D1_1,2,0.00617253170437936,0.00039928304679462905,0.9899935334466086,0.003434651802218787
round_3,phase1,9,1,D1_1,2,2.478756532480646e-06,8.902701770602052e-15,0.926899073163324,0.07309844808013465
round_2,phase3,9,1,D1_1,1,0.003843874972112845,0.9657603836976597,3.2777918891291645e-07,0.03039541355103756
round_2,phase2,9,1,D1_1,1,0.00019294822478125863,0.7172515798390369,0.27016694197186625,0.012388529964315222
round_2,phase1,9,1,D1_1,1,0.0005124385091245479,0.7601764826222349,0.20230840076309428,0.03700267810554523
round_4,phase3,9,1,D1_1,3,0.001486313384065197,0.000459097347435398,8.190751229432793e-05,0.9979726817562066
round_4,phase2,9,1,D1_1,3,0.004887912801235732,0.07261822073795524,0.2534858052093281,0.6690080612514826
round_4,phase1,9,1,D1_1,3,0.0009518084739088864,0.3993694550202424,1.2530276066411492e-06,0.5996774834782435
round_1,phase3,9,1,D1_1,0,1.0,4.348745797277292e-28,8.805933751801144e-16,1.5678933299663292e-22
round_1,phase2,9,1,D1_1,3,0.002148397753898943,1.125548623393833e-05,0.24762040173854602,0.7502199450213205
round_1,phase1,9,1,D1_1,3,0.11605810525520227,9.657529090806529e-05,3.3738777928803467e-12,0.8838453194505163
round_3,phase3,10,1,D1_1,1,0.017421171069455125,0.7794752483182651,0.000825730291182094,0.20227785032109602
round_3,phase2,10,1,D1_1,3,0.0021894277518958905,0.0009285045820415147,0.0016101749208457248,0.9952718927452184
round_3,phase1,10,1,D1_1,1,0.00014723769544491353,0.9536583719656656,8.596278551233174e-05,0.04610842755337771
round_2,phase3,10,1,D1_1,3,0.12477430119613608,5.1192957497427584e-05,2.750369849293339e-05,0.875147002147872
round_2,phase2,10,1,D1_1,2,0.01606307696804381,0.00014325079315543162,0.9837906587055114,3.013533287616232e-06
round_2,phase1,10,1,D1_1,3,0.0010419405144100038,2.85020907693961e-06,4.1532369164960745e-09,0.9989552051232777
round_4,phase3,10,1,D1_1,1,0.0009460308850001188,0.9960608566213424,3.4973210499895975e-05,0.0029581392831562092
round_4,phase2,10,1,D1_1,2,0.004453153953218809,0.3060739840126792,0.6549774044453707,0.034495457588732945
round_4,phase1,10,1,D1_1,0,0.6130482438816208,7.006388895175555e-10,0.00021157558965157562,0.3867401798280874
round_1,phase3,10,1,D1_1,0,0.9847520291010323,8.472653489732313e-10,0.015247969643821375,4.0788010111622096e-10
round_1,phase2,10,1,D1_1,2,1.5111075154732596e-05,1.9582766334540156e-09,0.9423433720132489,0.057641514953321
round_1,phase1,10,1,D1_1,3,0.0003222063928947943,6.950883927662111e-08,0.011159035306482771,0.9885186887917832
round_3,phase3,11,0,D1_1,3,0.0019001227701986013,0.0036637817297136064,2.3899110915595925e-07,0.9944358565089796
round_3,phase2,11,0,D1_1,2,0.059071658950561684,9.401530498358426e-05,0.9408173583118922,1.6967432563408597e-05
round_3,phase1,11,0,D1_1,1,0.0013105529949109986,0.9932316113393881,0.0016730212205498204,0.0037848144451512584
round_2,phase3,11,0,D1_1,3,0.06866770641600496,0.10411961373689288,2.8891237597757483e-05,0.8271837886095043
round_2,phase2,11,0,D1_1,2,0.0008413754364770865,0.0010145098306365426,0.9955574770536205,0.002586637679267525
round_2,phase1,11,0,D1_1,3,0.00025872125063852605,0.004177646988104735,0.00020500990607204105,0.9953586218551852
round_4,phase3,11,0,D1_1,0,0.9976901141520785,2.9507271534778773e-09,0.0023092965568254314,5.863403673486011e-07
round_4,phase2,11,0,D1_1,2,0.1497040242082865,0.051234651915564706,0.7624638487630814,0.03659747511306894
round_4,phase1,11,0,D1_1,1,0.000333366861512993,0.9956101441979972,3.2288955216695126e-15,0.004056488940487369
round_1,phase3,11,0,D1_1,3,0.0015623789083023926,2.9609046109122074e-10,0.0402402592945015,0.9581973615011051
round_1,phase2,11,0,D1_1,2,0.0012884952296784355,1.2095970826551237e-11,0.9987097438960856,1.7608621400481903e-06
round_1,phase1,11,0,D1_1,3,0.016805313360497266,0.000909084059267458,0.11022822126045609,0.8720573813197792
round_3,phase3,12,0,D1_1,0,0.9346294010262141,3.612003888455152e-05,0.036887594238890146,0.02844688469600986
round_3,phase2,12,0,D1_1,1,0.00034548026612820346,0.9756677127160606,0.0023482477279812503,0.02163855928983107
round_3,phase1,12,0,D1_1,3,0.0009052458974606153,0.0017280855631621904,0.0001093122782666948,0.9972573562611093
round_2,phase3,12,0,D1_1,3,0.00011299339364441467,4.1651939006065596e-05,8.010517984130747e-07,0.9998445536155522
round_2,phase2,12,0,D1_1,3,0.03489817195021777,0.00011735484789539055,1.3698852824205976e-05,0.9649707743490621
round_2,phase1,12,0,D1_1,1,0.006599053708904389,0.9528351577552976,0.011875526340013454,0.02869026219578362
round_4,phase3,12,0,D1_1,1,0.00040360650447732513,0.9959260922821705,1.6395181554827106e-13,0.0036703012131895215
round_4,phase2,12,0,D1_1,1,0.00021274968060707797,0.9299378098199852,0.05282619099903253,0.01702324950037521
round_4,phase1,12,0,D1_1,3,3.864506717833787e-05,4.2059413629523697e-16,0.0002857425526219348,0.999675612380199
round_1,phase3,12,0,D1_1,0,0.9986047022531044,1.0199559002825315e-10,0.0013952966942945273,9.506061320897717e-10
round_1,phase2,12,0,D1_1,2,0.00023494797778110272,1.0960553771275435e-05,0.9997404223013795,1.3669167066588585e-05
round_1,phase1,12,0,D1_1,3,0.2898217378633288,0.004390818858587904,0.009882339096622918,0.6959051041814606
round_3,phase3,13,1,D1_1,3,0.0013308526874788275,0.08549048159601277,1.367036310883511e-06,0.9131772986801965
round_3,phase2,13,1,D1_1,1,0.0006346816263076806,0.724329292352451,0.002111197399898109,0.272924828621344
round_3,phase1,13,1,D1_1,1,7.611319872943149e-05,0.9815629868790219,2.2862544762191673e-08,0.018360877059704066
round_2,phase3,13,1,D1_1,1,0.03511981372602213,0.7861951934840592,0.12235419544896073,0.05633079734095829
round_2,phase2,13,1,D1_1,2,0.005581499333787039,0.06219670751514964,0.795728524428837,0.13649326872222534
round_2,phase1,13,1,D1_1,0,1.0,4.423787070656827e-26,5.1562600611550014e-17,1.6695757260463947e-21
round_4,phase3,13,1,D1_1,1,0.0004911304690229524,0.9848182535948351,4.738750307744069e-06,0.014685877185832624
round_4,phase2,13,1,D1_1,2,0.0007491513817368141,9.951452568877042e-05,0.9498467715963027,0.04930456249627043
round_4,phase1,13,1,D1_1,3,0.0023054761866349457,0.00048336803977425076,0.00045248406779300527,0.9967586717057985
round_1,phase3,13,1,D1_1,3,0.00020138072560886761,1.072614902357177e-07,0.02095874160839812,0.9788397704045031
round_1,phase2,13,1,D1_1,3,0.00022864201596818455,6.609945793875297e-09,0.3334057271851536,0.666365624188932
round_1,phase1,13,1,D1_1,2,0.007444954709944257,0.1475982484722754,0.6115184752590617,0.23343832155872019
round_3,phase3,14,0,D1_1,1,0.0003328178777099874,0.9811810317371747,4.034284105413197e-09,0.01848614635082999
round_3,phase2,14,0,D1_1,2,0.016961039354548388,0.2520462035492436,0.7305795922354164,0.0004131648607911581
round_3,phase1,14,0,D1_1,0,0.9999142532167122,1.8520721357437944e-05,9.311885929990898e-08,6.713294307267652e-05
round_2,phase3,14,0,D1_1,0,0.9999814899789257,4.910636964779294e-15,1.850995623739331e-05,6.483076829127938e-11
round_2,phase2,14,0,D1_1,2,0.00016077447164764951,1.696634953626098e-08,0.9907049847196068,0.00913422384239481
round_2,phase1,14,0,D1_1,1,0.0004360916496310151,0.9491000743681621,0.024396118288788494,0.026067715693417225
round_4,phase3,14,0,D1_1,1,0.00013083686912935288,0.9944999428044827,1.0809797681749485e-15,0.005369220326385609
round_4,phase2,14,0,D1_1,2,0.000516892442040673,0.3119223553139966,0.4138786180914218,0.27368213415254256
round_4,phase1,14,0,D1_1,1,0.00010759104639125396,0.9833153763045323,0.008048886220737747,0.008528146428338804
round_1,phase3,14,0,D1_1,2,0.07422717372029772,2.2501864621452006e-15,0.9224171381844023,0.0033556880952974304
round_1,phase2,14,0,D1_1,1,0.011587133586313877,0.6250840479216034,0.07248669990678035,0.2908421185853032
round_1,phase1,14,0,D1_1,3,0.0036567197189760494,1.3771030116935124e-12,0.001837001721314289,0.9945062785583321
round_3,phase3,15,1,D1_2,1,0.0007074807502958901,0.9838837857472298,2.3960960480121715e-07,0.015408493892868368
round_3,phase2,15,1,D1_2,3,0.12720445688065504,9.119330494149894e-08,0.0002162315294450624,0.8725792203965955
round_3,phase1,15,1,D1_2,3,0.03022908184750746,0.016023534095660954,5.867410551108079e-05,0.9536887099513206
round_2,phase3,15,1,D1_2,0,0.9999998351890718,7.233799362885444e-12,1.2479023537455953e-10,1.6467890432864408e-07
round_2,phase2,15,1,D1_2,2,0.00039028103546532585,0.007424929027494592,0.9910098408202634,0.0011749491167769022
round_2,phase1,15,1,D1_2,3,0.014649466476047552,3.61827188945145e-10,0.005375246069182083,0.9799752870929433
round_4,phase3,15,1,D1_2,1,0.016338372171616784,0.9765885509756942,0.003903490323831215,0.003169586528859029
round_4,phase2,15,1,D1_2,2,0.10465849043610326,0.0016338786227918494,0.7062717463084031,0.1874358846327014
round_4,phase1,15,1,D1_2,3,0.00016620909594778052,0.0007084279505652863,0.0005113589386170776,0.998614004014871
round_1,phase3,15,1,D1_2,0,0.9639932412666256,0.0017240007020572093,0.022688771486183874,0.011593986545135021
round_1,phase2,15,1,D1_2,2,0.00012783693839201816,5.379699223762366e-05,0.9997913171389976,2.7048930373096082e-05
round_1,phase1,15,1,D1_2,2,0.00017249888116169023,3.866927114264707e-09,0.9276867444521156,0.07214075279979432
round_3,phase3,16,0,D1_2,1,0.0003390201356623818,0.9955529594557697,9.416621619116933e-07,0.004107078746406371
round_3,phase2,16,0,D1_2,0,0.9999675309185906,8.264269526972678e-25,1.6769181335203118e-05,1.5699900076760425e-05
round_3,phase1,16,0,D1_2,3,0.008308045617187223,0.023107443107197347,8.200943943037317e-07,0.9685836911812197
round_2,phase3,16,0,D1_2,1,0.000714809465267863,0.9954173221634952,6.83203735504246e-06,0.0038610363338809194
round_2,phase2,16,0,D1_2,2,0.013346625124435005,1.9236764328244686e-07,0.9248336177432136,0.06181956476470889
round_2,phase1,16,0,D1_2,3,0.0001393490402755897,5.710416291817201e-06,3.9449851084319815e-08,0.9998549010935828
round_4,phase3,16,0,D1_2,3,0.006916687454378074,0.025244659911514644,2.6142197332768444e-08,0.9678386264919098
round_4,phase2,16,0,D1_2,3,0.012989388897501121,0.0001641001228685889,0.015721987625496973,0.9711245233541331
round_4,phase1,16,0,D1_2,1,0.001099228844864796,0.9881079914936057,0.0006722101191435245,0.01012056954238661
round_1,phase3,16,0,D1_2,2,0.0025315469481679577,4.839641140421655e-08,0.9974684045333871,1.2203361060254772e-10
round_1,phase2,16,0,D1_2,2,0.002105792224130525,8.151604904505399e-09,0.9978937360287875,4.6359547872610656e-07
round_1,phase1,16,0,D1_2,2,0.005006736266056798,0.2601301115170639,0.6696600388869782,0.0652031133299
round_3,phase3,17,0,D1_2,1,0.002321306496313789,0.8534526511708765,5.6642931972553515e-06,0.14422037803961357
round_3,phase2,17,0,D1_2,3,0.013191303556461757,6.718051046814842e-08,0.0002158928597614932,0.9865927364032655
round_3,phase1,17,0,D1_2,3,0.21771014910826,0.008295708333271735,0.0013201984898713246,0.7726739440685955
round_2,phase3,17,0,D1_2,1,0.00010161685107206933,0.9690117490381374,0.010653755500471903,0.020232878610317293
round_2,phase2,17,0,D1_2,2,0.08165984054243319,2.2649589126070257e-05,0.9100606640642618,0.00825684580418076
round_2,phase1,17,0,D1_2,1,0.28791343784153683,0.7106649249272695,3.6654372500336874e-09,0.0014216335657571307
round_4,phase3,17,0,D1_2,1,0.0007706200879906336,0.9791254689157258,0.000222344768363146,0.019881566227921817
round_4,phase2,17,0,D1_2,0,0.9903985221519098,6.460395428755209e-07,1.4155567464484805e-05,0.009586676241081272
round_4,phase1,17,0,D1_2,3,0.004336249819593029,6.051101570056201e-11,0.0418783141085571,0.9537854360113389
round_1,phase3,17,0,D1_2,2,0.034381850164064406,4.284522562992313e-05,0.965528126602115,4.717800819089011e-05
round_1,phase2,17,0,D1_2,2,0.00019190180861312228,3.605798259328429e-18,0.9998080956353015,2.556087158640335e-09
round_1,phase1,17,0,D1_2,1,0.0007813512355183353,0.5385743149737158,0.24818871219226057,0.21245562159850603
round_3,phase3,18,1,D1_2,1,0.003906785325819194,0.6840777376023545,3.4649022841534256e-08,0.3120154424228033
round_3,phase2,18,1,D1_2,1,0.001674985565395786,0.8741128970451196,0.08282936305095624,0.04138275433852664
round_3,phase1,18,1,D1_2,3,6.5214515328233915e-06,1.5316117307038206e-12,1.118062908956737e-15,0.9999934785469353
round_2,phase3,18,1,D1_2,1,0.0005985660468676648,0.9991674374544914,2.445443169449312e-08,0.0002339720442109867
round_2,phase2,18,1,D1_2,3,0.005758887669146798,0.24520202908957012,0.169984560845388,0.5790545223958942
round_2,phase1,18,1,D1_2,1,0.004328089457521823,0.9642700398010097,0.025803286388936638,0.00559858435253304
round_4,phase3,18,1,D1_2,3,7.425801425866943e-05,1.4791652471451528e-13,0.0005090640520325262,0.9994166779335591
round_4,phase2,18,1,D1_2,3,0.0003281640373061003,1.4776520197093554e-07,0.022065859350311325,0.977605828847179
round_4,phase1,18,1,D1_2,0,0.9999999947372302,7.944008468084674e-16,3.6808660099511737e-09,1.5819032167663808e-09
round_1,phase3,18,1,D1_2,0,0.7727682610366492,0.024262533663862895,0.19881049782968152,0.004158707469804966
round_1,phase2,18,1,D1_2,2,0.0009395148123967501,1.6045828099071813e-15,0.9990604851608951,2.6707297502715248e-11
round_1,phase1,18,1,D1_2,2,0.001702629087475158,0.00023684737021506907,0.998026496467049,3.402707526090164e-05
round_3,phase3,19,1,D1_2,3,0.04804474194116974,2.132994250564123e-06,5.639349870066799e-05,0.9518967315658798
round_3,phase2,19,1,D1_2,0,0.9619050502152426,0.00022949832506617194,0.03366789957455521,0.004197551885136107
round_3,phase1,19,1,D1_2,3,0.005730145976114912,0.4870486690893833,0.00030891549302761504,0.5069122694414726
round_2,phase3,19,1,D1_2,3,0.051278779753369405,0.13627479453445293,0.03457386530105351,0.7778725604111231
round_2,phase2,19,1,D1_2,3,0.0008110743729399003,5.543690822372929e-07,0.009303954809312074,0.9898844164486669
round_2,phase1,19,1,D1_2,3,0.009885203526494435,0.0002809554742206667,0.004556934510200775,0.9852769064890832
round_4,phase3,19,1,D1_2,0,0.9819231591461481,0.0001664902149899818,0.017785929965342905,0.0001244206735204594
round_4,phase2,19,1,D1_2,3,6.846321453107373e-05,3.0955776551281577e-14,6.506396806474804e-05,0.9998664728173723
round_4,phase1,19,1,D1_2,1,0.07842089350642849,0.4917746852174941,0.1809918413634055,0.2488125799126719
round_1,phase3,19,1,D1_2,1,0.01246199016522933,0.716505913626331,0.2550039985256723,0.016028097682768607
round_1,phase2,19,1,D1_2,2,0.004204827094420601,0.02006890790105815,0.9592193944822083,0.016506870522314098
round_1,phase1,19,1,D1_2,1,0.0020671015667855196,0.9952390199113537,5.215485861437613e-06,0.002688663036000908
round_3,phase3,20,0,D1_2,3,0.14792069545729356,0.05945427198040136,0.024923216701835525,0.7677018158604711
round_3,phase2,20,0,D1_2,3,0.15316305731412108,0.0014120034014720017,0.046145818821020174,0.7992791204633853
round_3,phase1,20,0,D1_2,0,0.9457260727045298,0.0032297415654580783,6.000068841540663e-12,0.05104418572401057
round_2,phase3,20,0,D1_2,3,3.0705156429604706e-07,5.610164281730557e-12,1.0640825803202927e-07,0.9999995865345677
round_2,phase2,20,0,D1_2,2,0.0017443765922373158,0.04684120030167563,0.9420959296884923,0.009318493417593783
round_2,phase1,20,0,D1_2,0,0.9999979858861499,1.1394816418234233e-11,2.2668029448146737e-10,2.013875775985102e-06
round_4,phase3,20,0,D1_2,2,0.00025863343023554714,0.003575527541201566,0.7377199314672754,0.25844590756128744
round_4,phase2,20,0,D1_2,2,0.001686670231103009,0.0014757335874185985,0.7611682053901881,0.23566939079128948
round_4,phase1,20,0,D1_2,1,0.00016490469877647823,0.9961625909018603,3.731514539457873e-08,0.0036724670842167508
round_1,phase3,20,0,D1_2,1,0.0014203006952877657,0.7439782774987125,0.2504187722472867,0.004182649558712526
round_1,phase2,20,0,D1_2,2,0.014341033725073178,5.262477350822035e-08,0.9856588816063685,3.20437858700351e-08
round_1,phase1,20,0,D1_2,2,0.004701515880486544,1.3688266412366807e-11,0.9290566763209169,0.06624180778490933
round_3,phase3,21,1,D1_3,1,0.005760463281481807,0.8365287155746305,1.4423617720742121e-06,0.15770937878211605
round_3,phase2,21,1,D1_3,1,0.0025395363816590644,0.6954583436747143,0.005068565810492433,0.2969335541331349
round_3,phase1,21,1,D1_3,3,0.0011453583943887592,4.213460227755501e-05,4.044931235194462e-06,0.9988084620720981
round_2,phase3,21,1,D1_3,1,0.004831157694072448,0.985868073064406,0.007179329370849411,0.002121439870672563
round_2,phase2,21,1,D1_3,1,0.0003983215737511923,0.7238607179307835,0.24672158583475398,0.029019374660710643
round_2,phase1,21,1,D1_3,1,0.0002285368863504908,0.9993943322589784,6.011699599587045e-11,0.0003771307945554297
round_4,phase3,21,1,D1_3,1,0.0014217144286292518,0.5633133254241321,3.118154291851253e-07,0.4352646483318107
round_4,phase2,21,1,D1_3,3,0.0287949320033554,0.27203526697210295,0.0336326112443786,0.665537189780163
round_4,phase1,21,1,D1_3,0,0.9999997295539639,1.9750901049711677e-24,4.331063386186668e-12,2.7044170570303705e-07
round_1,phase3,21,1,D1_3,2,0.015236298100570209,6.260589189118715e-05,0.9838220915233931,0.0008790044841457699
round_1,phase2,21,1,D1_3,2,0.00025091342991123884,4.505742636689795e-08,0.9997490361592168,5.353446587393567e-09
round_1,phase1,21,1,D1_3,2,0.012670278526904357,5.642927693051162e-08,0.9567830359379005,0.030546629105919897
round_3,phase3,22,0,D1_3,3,0.060755257120986415,0.0043051726965666936,3.569118792997161e-05,0.9349038789945174
round_3,phase2,22,0,D1_3,2,0.0003361088451796173,0.0064127659548981145,0.6722658657741378,0.32098525942578304
round_3,phase1,22,0,D1_3,1,0.0021604100136342935,0.9751249843314796,3.651596904455712e-07,0.02271424049519709
round_2,phase3,22,0,D1_3,0,0.9999946316146584,2.2385053921139117e-08,5.332782031185713e-06,1.3218256337059995e-08
round_2,phase2,22,0,D1_3,2,0.0014386935604710272,9.032626056772742e-05,0.9984350597661411,3.592041281851917e-05
round_2,phase1,22,0,D1_3,2,0.015908205183389208,0.06186573219472261,0.6700402573694242,0.2521858052524642
round_4,phase3,22,0,D1_3,1,0.009957601891435469,0.7214743751005361,0.004677151356039165,0.2638908716519891
round_4,phase2,22,0,D1_3,1,0.004914072894955585,0.7520629125127319,0.048546616880533675,0.1944763977117797
round_4,phase1,22,0,D1_3,3,0.00550323426428288,1.900008902165637e-07,1.0271637321701086e-08,0.9944965654631881
round_1,phase3,22,0,D1_3,3,0.030263547350462463,1.2516562671845197e-11,2.6184814765613538e-15,0.9697364526370212
round_1,phase2,22,0,D1_3,2,6.428896261144672e-05,1.5920159076856632e-07,0.9999217289157047,1.3822920091368816e-05
round_1,phase1,22,0,D1_3,1,0.006849970062258956,0.6369710919219932,0.34489591999829283,0.011283018017456077
round_3,phase3,23,0,D1_3,1,0.004492779605185976,0.8680943924257655,0.0013434451366970037,0.12606938283235186
round_3,phase2,23,0,D1_3,1,0.0007594607898956083,0.8179559786099362,0.17065536913627477,0.010629191463892454
round_3,phase1,23,0,D1_3,3,0.0009594994204603915,6.481079442832193e-06,0.0006617840272412231,0.9983722354728543
round_2,phase3,23,0,D1_3,2,0.08015448456463609,0.12388293279000778,0.7944060103048198,0.0015565723405357587
round_2,phase2,23,0,D1_3,3,0.003743714729931502,0.2692533464837084,2.545028612156743e-05,0.7269774885002401
round_2,phase1,23,0,D1_3,3,0.000565709369851207,7.945130410888862e-06,0.0022475062804797013,0.9971788392192599
round_4,phase3,23,0,D1_3,3,0.00042839326583668226,0.0005678519802163155,0.00035055705988839333,0.9986531976940571
round_4,phase2,23,0,D1_3,2,0.006641501410824674,0.0011081066141510067,0.76694134521314,0.22530904676188288
round_4,phase1,23,0,D1_3,0,0.999999966591855,4.0756616091682734e-16,1.4422639088710998e-11,3.3393721269517554e-08
round_1,phase3,23,0,D1_3,1,0.04185584344627932,0.9520908164071316,0.000996324832478409,0.005057015314111956
round_1,phase2,23,0,D1_3,0,0.9991849859907064,2.937171756137621e-13,0.0008150140088985449,1.0100563972570263e-13
round_1,phase1,23,0,D1_3,3,0.00015057938612927417,2.94151191064983e-05,0.00024820350618017385,0.9995718019885835
round_3,phase3,24,1,D1_3,1,0.0011025562052854134,0.9357366419055,3.808911805160348e-06,0.06315699297740772
round_3,phase2,24,1,D1_3,1,0.00375369823652523,0.8424826491364645,0.13918067438903325,0.014582978237976836
round_3,phase1,24,1,D1_3,2,0.0023689449811043536,1.2138255672401695e-13,0.9976310548556665,1.63109201501879e-10
round_2,phase3,24,1,D1_3,1,0.0007951533201552658,0.9127562088791772,0.00013315554023284686,0.08631548226043316
round_2,phase2,24,1,D1_3,1,0.12338482036229552,0.7316196576851453,0.00012760179937698073,0.14486792015318342
round_2,phase1,24,1,D1_3,0,0.9999866679754252,2.258508832351549e-07,1.4190953622023748e-07,1.2964264154067767e-05
round_4,phase3,24,1,D1_3,3,8.596700495477411e-05,3.832239843505376e-08,1.0719886191123372e-07,0.9999138874737847
round_4,phase2,24,1,D1_3,3,0.027362787900176565,0.01132862993052425,7.42573690751993e-11,0.9613085820950433
round_4,phase1,24,1,D1_3,3,8.735155067094442e-05,1.5661297240711758e-09,3.213044436137345e-07,0.9999123255787543
round_1,phase3,24,1,D1_3,2,0.0032772647093793953,4.692881944096736e-05,0.9965551153590122,0.00012069111216711345
round_1,phase2,24,1,D1_3,2,0.0029836807922149033,9.041917528087356e-07,0.9260093766957258,0.0710060383203049
round_1,phase1,24,1,D1_3,2,0.0035617895843114904,0.37990710368787933,0.5771434120898615,0.039387694637947245
round_3,phase3,25,0,D1_5,3,0.0015383121117496467,1.1812742008297332e-06,0.00010487722952969109,0.9983556293845185
round_3,phase2,25,0,D1_5,2,0.0227942714311212,1.0421807593121588e-08,0.9772048962537632,8.218933088375145e-07
round_3,phase1,25,0,D1_5,1,0.0010759308888631431,0.9595157323411584,0.01898659787013334,0.020421738899844336
round_2,phase3,25,0,D1_5,0,0.9999998048342653,1.9810012008891924e-11,1.700332462676641e-07,2.5112676909852696e-08
round_2,phase2,25,0,D1_5,3,0.0013435531400313144,6.004085637607872e-15,0.0012827662741088416,0.9973736805858525
round_2,phase1,25,0,D1_5,1,0.00024899015384302977,0.9687318537316577,0.007813166184237458,0.023205989930262436
round_4,phase3,25,0,D1_5,0,0.9764708296705669,6.255395432247498e-10,0.022544337633890906,0.0009848320700014041
round_4,phase2,25,0,D1_5,3,0.008037023396342905,0.0014587194821610177,0.12699880044564246,0.8635054566758521
round_4,phase1,25,0,D1_5,3,0.0018612081547361946,0.040094289831971074,0.002739736797692929,0.9553047652155989
round_1,phase3,25,0,D1_5,2,0.020639827384721327,0.19588592073464825,0.7678567285701207,0.015617523310511085
round_1,phase2,25,0,D1_5,1,0.0002478764833659619,0.9766826849664056,5.16727465952191e-05,0.023017765803633277
round_1,phase1,25,0,D1_5,1,0.12340343419521782,0.8757815621537626,8.150810045495922e-09,0.0008149955002087875
round_3,phase3,26,1,D1_5,0,0.9964829953274904,1.1095966828410607e-08,0.00019332631982693188,0.0033236672567159608
round_3,phase2,26,1,D1_5,3,0.032394157765126365,0.32714485971512935,7.879270275506966e-05,0.6403821898169897
round_3,phase1,26,1,D1_5,3,5.538853169514188e-07,4.18805197541709e-14,1.247024572030072e-06,0.9999981990900702
round_2,phase3,26,1,D1_5,1,0.06832920148383717,0.9157437951272269,0.0039346426375764625,0.0119923607513606
round_2,phase2,26,1,D1_5,2,0.0021338094454684798,4.58540939998054e-10,0.9978661884409148,1.6550756501413996e-09
round_2,phase1,26,1,D1_5,3,0.0011946385614791655,0.00017879885070185047,3.032344265828259e-07,0.9986262593533923
round_4,phase3,26,1,D1_5,1,0.005713760933797782,0.9875473988671528,0.0022256639953932523,0.004513176203656958
round_4,phase2,26,1,D1_5,2,0.005810268762908979,0.011982523236366591,0.9792675597572271,0.0029396482434986696
round_4,phase1,26,1,D1_5,3,0.006785323448991521,1.1537706397202273e-05,0.006999539247545123,0.9862035995970664
round_1,phase3,26,1,D1_5,3,0.18830065876254207,0.30522566125636963,0.002119021768730751,0.504354658212358
round_1,phase2,26,1,D1_5,2,0.002364162600941682,3.3869108834548476e-10,0.997634843406664,9.936537045396835e-07
round_1,phase1,26,1,D1_5,1,0.02075750449212712,0.9078976739894623,0.00018090158129342834,0.07116391993711807
