PC1,PC2,PC3,PC4,PC5,PC6,PC7,PC8,PC9,PC10,PC11,PC12,PC13,Round,Phase,Individual,Puzzler,Cohort,cluster
-1.926941480961848,0.8848427125562013,0.215340382335758,-0.1089486813261535,-0.7016824758810258,-0.4135091725804693,-1.0009129287814462,-0.6678117115983562,-3.113777139346207,-1.529575222871017,0.731445390876611,1.8076297987173016,2.4518602413704347,round_3,phase3,1,1,D1_4,0
-2.049088670598035,-1.2995385094435397,-0.5398110076963264,2.060467746969315,-0.7493858296797324,0.8716532263192189,0.6890936872769438,0.3370768834997099,-0.4687557120355566,-1.504836216475698,1.5271794195259838,-1.9350227942695049,-0.0595375955699449,round_3,phase2,1,1,D1_4,0
-1.5442765881431455,-0.9677424988194396,-0.0373006013182821,2.2979208547747416,-0.9101375819633596,-0.5117944793086685,0.4322654785930412,-0.6158845990371249,-0.5372231718574715,-2.0436372581769375,-0.5010962858281535,-0.9952323805042108,-0.0992462654833748,round_3,phase1,1,1,D1_4,0
-1.796817598864949,0.0935584482543798,0.894180098820952,0.9798444050201746,-1.0162295893337123,3.5445897198517904,0.6332191713932275,-0.8901404629148906,-0.4697700159375926,-1.4563996905269234,-0.7142635922615794,0.4445531214330019,-1.365957530159341,round_2,phase3,1,1,D1_4,0
-1.94172340132456,-1.2331952240887087,-1.260485684296138,2.4161171511265063,-1.0095756413506891,-0.9462223365929932,1.003646832661489,-0.2155311200663482,-1.3474655677614102,-1.622629248476696,-0.062799771820585,-1.1976601788617405,-0.9030639096693018,round_2,phase2,1,1,D1_4,0
-1.601281611641482,2.572058703280948,1.443364151471965,-0.0609453982605077,-0.9776517555421842,5.149518512290908,0.8536539184742066,2.5852325649122845,-1.4746539351820624,-1.4558032886520982,0.7429039261557502,-2.2720684957061255,0.9936480444791812,round_2,phase1,1,1,D1_4,0
-1.6073616306477254,-0.8040383941964749,-1.7013347778378405,-0.9351662287302476,-0.5616927769042594,0.1966158024930958,0.7648451645928748,-0.7170345351211138,0.2072564584470538,-1.1613749282693049,-0.0236161086767255,-1.094201483543158,-0.0044217767290194,round_4,phase3,1,1,D1_4,0
-2.0173094937410174,-0.5323612428579576,-0.5450331684571023,6.161289525884044,-1.0224551992026198,0.5110574767880921,-1.84481821105792,-0.6095941382847097,-0.2779070178053931,-1.3616326301093356,-0.1666052681381177,0.2947247973152249,-0.0156507716177213,round_4,phase2,1,1,D1_4,0
-1.5677793417534551,-1.212696729307885,-0.7681736622655917,0.7108587182389322,-0.8642180638909753,0.1343405963029437,0.6831136825366104,-0.7008962125456805,-1.3213033256038624,-1.0571670192308342,0.1582552731695209,-0.757293173536303,-0.3808839579271448,round_4,phase1,1,1,D1_4,0
-1.9400168653625711,-0.5921814698213629,0.0972826132690812,-0.3137431614420085,-0.7990122551643457,1.0459278285445188,0.4955531954042108,-1.2305966325688418,-3.9231548636328,-1.6254042212665507,1.3936177562384129,-0.3991287617422142,0.0479166679937142,round_1,phase3,1,1,D1_4,0
-2.0314728014055916,-0.3151805161836335,-0.8483261862512316,1.62092278301074,-0.9404491963709892,1.5370771295750314,0.9889969658851852,1.3773950000952535,-1.437359136078315,-1.7855838253975225,0.4255093994412939,-0.794622521170436,2.1380273431734933,round_1,phase2,1,1,D1_4,0
-2.0976412900500394,0.8731689980680001,0.7451766025021652,2.47558481562893,-0.8729775170403791,-0.5925162694827398,-0.6071598855665645,0.1810016249306952,-0.2031898542166119,-1.49805573876436,1.147822256525851,0.0801623329242145,-0.4892039897174079,round_1,phase1,1,1,D1_4,0
-0.8808861276923058,-1.3484469588707435,-0.5709212128519997,-1.284503625502893,-0.5406708304916851,-0.8546531824220931,-0.115114580634694,0.64545861075605,-0.3399682241865511,-0.9709543712548032,-1.2064629847517867,-0.4055123968791807,1.4880150078630308,round_3,phase3,2,0,D1_4,0
-1.3670265358696956,0.8561948785702127,-0.445407196931051,-0.6540801331599827,-0.5455759411641848,-1.0865972002973596,-2.222799219113811,-0.6314503719163456,-0.2137601887407997,-0.8566202797261819,0.9104940797988154,-1.2951843615112193,-1.312739766051895,round_3,phase2,2,0,D1_4,0
-1.3109458616223206,-0.0518060604631781,-2.1120057889307517,0.941172597572069,-0.3191495626903123,-1.2988827103341571,0.4900447307297873,1.1879678470817814,0.5092823582068623,-1.5829371618815842,0.5343157470244463,-1.624702109217773,0.4429658774125838,round_3,phase1,2,0,D1_4,0
-1.2907374380280976,-0.6418763704861998,-1.86182968288564,0.1417186335731725,-0.2615575678693597,-1.2710126183308057,0.767117670203699,0.2890224121593241,0.2950627790307317,-0.4949288193614826,0.6030707235291027,-1.4975450118741669,-0.574764609661989,round_2,phase3,2,0,D1_4,0
-0.1615087880724618,-1.9923686828368377,-0.8849824153777472,0.0335166835594105,0.5177696978415769,-1.208836654811041,-2.81057889828246,0.0196045150004618,-0.8058450753098803,-0.3808310620108395,0.4259347837502206,-0.2509927381649781,-0.7037333421947732,round_2,phase2,2,0,D1_4,0
-0.2759836846333426,5.350437748740476,0.7274017147003727,-2.164397411837802,0.3502350162504856,-1.4446590445215686,0.4003318801513526,-0.4906880109994244,0.4583060381509399,-0.050839998937632,-1.595597409270246,-1.6320101198165655,-0.2799920667210832,round_2,phase1,2,0,D1_4,0
-1.1376426328106006,-1.069547759570534,-2.036098723952581,0.8558285127856492,-0.6298450053310543,-1.1127574184241151,0.7686916976318642,2.0502911069854033,0.8544881215407754,-0.9307920283514132,1.0442546246094886,-1.4386680730574797,-0.4879229250245911,round_4,phase3,2,0,D1_4,0
-0.1480902887131787,-0.8231277819992743,-1.5990585232332557,-1.457057017828679,-0.2134379610318504,-0.6110291414177741,0.3975730051324904,-0.8195318446159131,-0.3882224967182618,-1.1323925439748423,-0.5569869866859449,0.1978356520135414,0.2008632432094459,round_4,phase2,2,0,D1_4,0
-1.2581781576777478,-1.6481077385285705,-1.218803702395924,-1.6850374076853778,-0.4427817621846568,-1.0206380394086731,0.5347910002368805,-0.8957408266136369,0.2466631591821276,-0.7194109391481609,-0.4830888703437055,-0.7790530487035239,0.5279926659586586,round_4,phase1,2,0,D1_4,0
-1.404962824668194,9.722155124125395,2.068458862941834,-1.546978228826155,-0.2509447452717609,-1.1472799849265822,0.2010485862091115,-0.2313198792424764,-0.1259830342348339,0.3763317336604487,-0.4670006796623154,-1.1005023970236667,-0.6299247443110092,round_1,phase3,2,0,D1_4,-1
-1.385718775392097,-0.1318543842255262,-1.506693304667949,-0.4125538538130219,-0.2757365258131283,0.0472000210956563,1.0069548934680708,1.9008420973541855,0.4644623184354717,-0.150838306084011,-0.2166464547240387,-0.0499775830620686,-0.5845595239687688,round_1,phase2,2,0,D1_4,0
-1.3979543843465103,-0.9929998862367124,-1.1906877410763892,-0.7994551589889015,-0.564871953002136,-1.0885512528731478,0.3433320296413066,-0.996702952165362,0.0629553470364031,-0.1355293902712455,-0.4935694249517687,-0.6965503753056692,0.2744538218478463,round_1,phase1,2,0,D1_4,0
-1.333075192943148,2.8757117073952307,3.524605223553439,-2.052716513741716,-0.5812800275497314,1.0104606241616807,0.1895088298587715,-0.3040149431152029,-3.1268191781144945,-0.5759233350363206,-0.5278011600642933,1.1989476936596009,2.481155294664916,round_3,phase3,3,1,D1_4,0
-1.6382334797554687,3.401175437022226,1.3906712292035637,-0.5566973098534559,-0.5563005112119461,2.6198607177319824,1.052704053534986,-0.661528704961769,-1.0544226952210385,-0.0691925739137358,-0.3151053904794574,-1.7516631995393928,-0.1324205025856089,round_3,phase2,3,1,D1_4,0
-1.3764220285590731,0.1697732506926273,0.9891590507942568,-0.0361539933517693,-0.5295350511940434,-0.3918468008672127,0.5026632819854407,0.5760267004209979,-3.4245190607391893,-1.339009153102093,-0.0855950730169403,1.8945195229695475,1.3711526432726484,round_3,phase1,3,1,D1_4,0
-1.4639227954488094,-0.4231437368575691,2.6589003618816576,-0.645204241205594,-0.7948236099271574,0.784938010643152,1.0757707848987808,-0.9716169332467516,-3.020884580442152,-0.4348483144903987,-0.0563196763772555,-0.1169178435344269,-0.6365151181267144,round_2,phase3,3,1,D1_4,0
-1.5238493883190665,1.5448669953495933,-0.8539823548328226,-0.5788203974239642,-0.492975217336713,1.8080828159526052,-0.628974894533439,0.2546779157372748,-3.3703425734859733,-0.4445851701948052,-0.6426261636154726,0.9276997004547172,-0.7562971966550001,round_2,phase2,3,1,D1_4,0
-1.0162242244988795,1.7361553875614073,6.449100976232046,-0.0725362374155229,-0.6006452248949106,5.495443824878154,0.2476806857627183,3.638025866915936,-4.487404342883687,0.0145111626523608,0.0635088604765159,-1.1719082224633048,2.294521968261017,round_2,phase1,3,1,D1_4,-1
-1.408423648275881,0.212794738005845,1.4699088601052466,1.2551402839807844,-0.78665451529103,-0.6688940567383637,1.136202238600678,-1.343396285955384,-4.537873195881468,-0.5015247150793759,0.4582525554231572,0.977161145998513,0.3041239812368594,round_4,phase3,3,1,D1_4,0
-1.4659832192552509,-0.2454611414975326,-1.7326098580723843,-0.6016318359361799,-0.1738495235388455,0.5467634519780203,1.093086586386028,-0.4598666127301578,-0.4578739863007214,-0.9491304503396482,1.686955356824072,-0.6725726346517059,-0.158987695136047,round_4,phase2,3,1,D1_4,0
-1.0719481625866216,0.2662060245054737,0.1165638170551291,0.2218848995233581,-0.7784907136573347,-0.7140786199619163,1.003893396054637,-1.3603388982790825,-2.738864347554919,-0.5151113587292496,-0.7785709557594538,-0.0902061305720994,1.0440713025884452,round_4,phase1,3,1,D1_4,0
-0.9906934867544864,0.3136540888948553,2.7377714290973025,-1.0397905362777318,-0.7829082246350284,0.7536294383071858,0.273721241634678,-1.1410816229352556,-3.660276924696233,-0.5012983189179794,-1.0958004845497755,-0.2759207171919361,-0.9950964657474548,round_1,phase3,3,1,D1_4,0
-1.4390504305218812,1.6166442548730595,4.7552991668982845,-1.532165050971895,-0.3613624420257241,-0.0623379524302709,0.0701784174222923,0.2182665798157904,1.4325026336847424,-0.7007282548803181,-0.0665191419880647,-2.8361344504078736,1.833291719936127,round_1,phase2,3,1,D1_4,0
-1.1446098147144406,0.5425738670551836,0.2697889846347633,-0.8768242715721233,-0.6881438387189578,2.661915246835264,0.8277509142112943,0.2408619398136438,0.1527568415326048,-1.2294216188637024,-0.7695369442363217,1.0060021308388816,-0.6696834471308357,round_1,phase1,3,1,D1_4,0
-0.32852457217479,1.7159557558328855,0.213882981587249,0.9343510696989112,0.2615697204209367,-0.3810234599705269,0.4240113327212598,7.264370302602696,0.838038322422901,-1.0743802604008803,1.2347751489193142,-1.7051272957060346,2.064663681350759,round_3,phase3,4,0,D1_4,-1
1.2989274200146594,0.0298393633770216,-0.0001126478226243,-0.8671337804488859,0.4327585703102729,-0.5964395697232749,0.9359300397329876,-0.6543659445288239,0.1583558961241257,-0.7643899965172507,-0.1635835723053211,1.576436216705244,-0.0872033231063168,round_3,phase2,4,0,D1_4,0
-1.2378438948537125,-1.2503763446004643,0.2984159752017043,0.606041993106503,-0.240250325758849,-0.7285744951863241,0.3697478980328627,-0.6737012931288016,0.6527229072087252,-1.5375768555700613,-1.0338124029076836,-0.8513068902928134,0.2595823293785551,round_3,phase1,4,0,D1_4,0
-0.842232634480017,-1.8455027393265215,-0.1487231113826257,1.6937212257830054,-0.4803786613913685,-0.6051848532749827,0.648944133907779,-0.4623494418906196,0.5483660709483327,-0.7172493016956492,-1.3422332865191142,-1.0183845684531536,1.7758694656042662,round_2,phase3,4,0,D1_4,0
1.0718107943267483,-1.7053987757447222,0.9905563402490424,0.1033160401863128,-0.6182894267762876,-0.3858918420026021,0.578212665583173,-0.2472007528859449,0.6186140196079521,-0.5355742698499311,-1.0908417043052423,-1.3634932995109006,-0.90929130209243,round_2,phase2,4,0,D1_4,0
-1.285112241344588,-0.9600205707587488,0.3071210144652467,-1.373213229624154,-0.2925821376893942,-0.1460014704710648,0.4427900096488382,0.6584409187193556,0.8564275214500066,-0.7013653096076176,-0.4709023331205009,-1.0575347161147135,-0.6550807078653456,round_2,phase1,4,0,D1_4,0
0.1412751930172826,-1.7501371990579622,0.7133695050791057,-1.4165290386033529,0.714907079089297,-0.8880748605973461,0.3745479988107331,-0.8291155604717865,1.001276695654466,-0.190961789295698,-0.1716773804437936,-0.9785202163358464,-0.5972906239791678,round_4,phase3,4,0,D1_4,0
1.8522185289015345,-0.0305864184019671,-0.7610250453174908,-2.3881693435927493,0.8900521371181908,0.4465891569591892,0.9880213490397912,-1.1976345695984365,0.8594142885056496,-0.7247679526670225,-2.445099527216107,-1.005982743666626,-0.3616621601537161,round_4,phase2,4,0,D1_4,0
-0.8835898269668517,-1.0668372904359,0.4256597871872133,-1.14971538612197,0.2733103969333507,-0.1739499893449636,0.757083298026653,-0.6642150828737302,0.7903891527776679,-0.3353330294576727,-0.8479897632333425,-0.7903965565949795,-0.5444153951661092,round_4,phase1,4,0,D1_4,0
-0.451549468898378,-0.0240606391052744,-0.8850081260349838,-0.4296872328531866,0.0874816064557577,-0.7993206357279651,0.6290745188297849,-1.6779703317466164,0.4288057931744488,-0.9128427052045628,-0.293131733473902,-1.545521205816735,1.0996882669731696,round_1,phase3,4,0,D1_4,0
-0.6602873742266646,-1.893444735000426,0.3230191392020066,-0.8280461634737549,-0.2488505584340118,-1.3150840173051916,1.0484096577270978,-0.4080801244192289,0.2340570063130655,-0.7790005503796482,-1.357224011980653,-1.1608426545276942,-0.7727895170173561,round_1,phase2,4,0,D1_4,0
-1.502283783910128,-1.7216614560467385,0.2744191975253169,-0.9202160024929076,-0.717923249818509,-0.3446317817598358,0.4540768919309515,-0.8361292393233477,0.3878019590688179,-0.6528984399917538,-0.5042102350162422,-0.5470168706055268,-0.6999920268587847,round_1,phase1,4,0,D1_4,0
0.8940734492423389,-1.198630568687652,-1.1647514311791525,-0.6361493545833331,1.1490726042047394,-0.8868523487999388,0.1333979895529097,0.3423007199382847,-0.0822783707824513,-0.7181200951849556,-0.4374309062122703,-1.176216327410553,0.3405488955111989,round_3,phase3,5,0,D1_6,0
1.693943281474981,-0.4385438263357842,1.0849400426539355,-0.6256977635117476,0.668260156740321,-0.3440077514017798,0.6813696184264129,0.4557367438147245,-0.4824539471908067,-0.9530237492361197,0.5620631922452682,1.192709064044895,-0.1770708521056456,round_3,phase2,5,0,D1_6,0
-0.2671934049091899,-0.93206455190252,-0.8874749342395943,0.570848396623938,1.2088584611389968,1.5705609628898372,-0.2738299650515192,-1.0354279412560647,0.1319516907581037,-0.6976747413386128,2.0794865603020143,-0.5208126386655874,-0.423598652021207,round_3,phase1,5,0,D1_6,0
0.0008541324512968,3.1074050049588497,-1.2011092692116203,-0.583848602018005,0.9161836479321508,1.736913780727936,0.8018727925107775,0.3498990350189537,-0.8127849490157124,-1.1120044134990477,0.0389266509608868,-1.788049895398076,1.893829707694303,round_2,phase3,5,0,D1_6,0
0.3939584474572599,3.601008230726409,0.5361713401313941,0.9956273086023796,1.5895337318518477,1.18517807341581,0.5368749757265919,-0.0083360381182604,-0.2832765431850607,-1.5952760293089407,0.2843649547924449,-0.2662171811006217,-0.0547012305025941,round_2,phase2,5,0,D1_6,0
0.4993104267880822,1.5695114579688614,1.2350001823557422,2.756909839119373,0.8510002759696599,-0.6054237265346847,0.5789227183103199,-0.0167836530537845,0.1988556912013928,-0.5764110296361027,0.2730879003528267,1.309559609056961,2.3736489633756195,round_2,phase1,5,0,D1_6,0
3.527957571224503,-1.1312681891405347,-0.799366807631519,-1.732523250006163,1.985373185450273,-0.5146112222954684,0.8115183941814085,-0.5477590058546605,-1.106639761570552,-1.340936320331025,-1.152393651890972,-0.9528800411301838,-0.5566317243718261,round_4,phase3,5,0,D1_6,0
0.201264252445358,-1.357312379573765,-1.0307674348287803,0.6084898723210692,1.088646997091917,1.1821685253392646,-1.041999000288798,-1.102346188510681,-3.0819632362638707,-1.173886227635645,2.3693915756401176,-0.6621888194599465,-0.5804847911338763,round_4,phase2,5,0,D1_6,0
-0.4439403813129211,4.352925158147098,0.7929204968305708,-0.1053463276785658,0.9066456008191458,0.0383235939530104,0.4002962037860029,2.193333051125551,0.66807296190377,-0.910649716273266,0.1230520521416784,-2.913424735407439,0.3216832317185724,round_4,phase1,5,0,D1_6,0
-0.9132259413194102,-0.1719085002465407,-0.7164712684677877,0.1153124582860161,0.8775819465463505,0.0696955800911126,0.454933222905929,-0.3714595179151527,-0.7173639296907146,-1.1488883319992538,0.2018914112616542,-0.48712961571197,1.094065778545807,round_1,phase3,5,0,D1_6,0
0.3870485723149157,-1.968513664712071,-0.1793935957584946,-1.3431969681032845,1.3890972128510923,1.8480492591244304,0.4718140712611021,-0.1154592689966413,0.6066314885369806,-1.1542152359132358,0.2009346662456461,-0.9484645025250622,-0.02418871904673,round_1,phase2,5,0,D1_6,0
0.6167671770746618,-1.3355470375459826,-0.6730497156965313,0.2192705673966915,1.1496141286141643,0.3956651609425437,0.2225445167513461,-0.8935031601871488,0.1637688960469093,-1.3427976052863833,1.307001564756918,-1.0400590986958682,-0.0337475313006141,round_1,phase1,5,0,D1_6,0
1.7246698727131868,-1.5559698931978796,1.2010733345496654,-0.5363586251865986,1.120203468153016,-1.031418545251845,0.7634305948767292,-0.3161081690098671,0.7846088954448946,0.2161347858606374,-0.1513708012115041,-0.5059970384552706,0.1744739486532484,round_3,phase3,6,1,D1_6,0
-1.5419510277542572,-1.8440546634352024,1.1461868158983928,2.0601469938875794,0.9805735228752848,-0.7415696598650031,0.9974111644555856,-0.1323531862744162,1.2178451658176257,-0.2946340549992142,2.6393558843071783,-1.2454942362577228,-0.3744940301253335,round_3,phase2,6,1,D1_6,0
-0.6231340632508443,4.423933482433415,7.839023615508423,3.641362381638261,0.702991003508976,-0.859116785006327,0.6597817441758266,-1.725916095650922,1.172619103635216,0.9693482694188648,0.5542862908827909,-2.2405571055592293,-0.2755932997374684,round_3,phase1,6,1,D1_6,-1
-0.1518232286785354,0.336956068500602,-0.2175669438885975,2.2812451638804365,0.5737949862519329,-1.002216269848379,1.0241142008863395,-1.3888130345507406,1.0533925672063476,0.1021768638125263,0.166704693043432,0.41607805114609,-0.6025669354896145,round_2,phase3,6,1,D1_6,0
-1.2243667118420412,-1.991160580655701,0.7645726922794012,1.6357734492506415,0.8694088721561608,-0.980777995197372,0.7481389252904014,-0.6160371019442623,1.0450514759805458,-0.4501402178246155,1.6135960329042969,-0.6888177830758081,-0.327931166510796,round_2,phase2,6,1,D1_6,0
-0.3692444735238835,-1.921879842036627,1.559843734854695,0.3371447223577745,0.5843611937760128,-0.9564357518237512,0.6603393759743128,-0.5709460980818717,0.9737991034303471,0.3447669306880259,-0.2179924267973207,-0.5987711431636201,-0.2496656139854157,round_2,phase1,6,1,D1_6,0
-0.4844821157670057,-1.7678810795912914,1.23426087884989,-0.1705349894865936,0.6955019441924948,-1.1863123226239265,0.6919043641487976,-0.6571774691559829,0.8198174713625924,0.0684898932172492,-0.2772372074221357,-0.5221092520978378,0.5241996095920292,round_4,phase3,6,1,D1_6,0
-0.8008553357567509,-2.5527913189480222,1.687588449888275,0.659922402141174,1.294800020694162,-1.2011561252215903,0.2974403747815319,-0.2876589239924609,1.0494885833707015,-0.2326137175912241,1.3672848664263233,-1.0860446782629027,0.2508912586008854,round_4,phase2,6,1,D1_6,0
-0.4379990621831061,-1.8838087580063776,0.9308935861992784,0.3213876693088339,0.9837632556232104,-1.050730184573533,0.3555175540420363,-0.8778599506198317,0.577240734619855,0.0482166654264948,1.069647229161745,-0.686125497035009,2.1473578782637284,round_4,phase1,6,1,D1_6,0
0.5330759485756178,-2.015895871203827,2.1194222817252095,1.0246578513412652,0.301080234258786,-1.3054560209156634,0.9248688180843992,0.1596396060854555,0.9633672684532876,0.2256680335192386,1.161163176502618,-0.9302245128813738,0.1066555605157643,round_1,phase3,6,1,D1_6,0
0.2992565461990483,-2.282691434006575,2.4733197507674767,0.0166193367852639,1.805129764707418,-0.0359750876407439,-1.0406549962660705,-0.6176278629112991,1.089199135116611,0.1697261702345694,0.5525639827288027,-1.2929954929193863,-1.1825611559963147,round_1,phase2,6,1,D1_6,0
-0.3168519015967584,-1.9995570147555477,2.2672141723925345,-0.4376784456718766,0.3118026598397998,-0.5504180189998785,0.3840903257381576,-0.3682992794847307,0.8997214708360026,-0.1397649785493929,1.2074175638458269,-0.4947723593792438,0.4028014210992443,round_1,phase1,6,1,D1_6,0
-1.8244248240398704,-1.544555024332422,-0.0245993929063009,0.9247196616445692,-0.3307035607514578,3.428341780017017,-1.4043285329177606,-0.6264658124684185,-1.0705814392706727,0.4778649744602067,2.853998597105052,-0.4622338733377288,-0.5689478476046412,round_3,phase3,7,1,D1_1,0
-1.664720160996409,-1.0636867994919847,-1.8052089876956816,1.0194523955237116,-0.6496351521764842,-0.8020609203820614,-0.92969020989077,1.9812752340706243,-1.7710142351165343,0.2382848772637044,0.2122539433652125,-1.1900664764461475,-0.9741985924414632,round_3,phase2,7,1,D1_1,0
-1.432435360660773,-0.8881187511589446,-0.7506609037635537,-1.005523870804406,-0.4768271860922249,-0.5761322936858166,0.1590709389536335,-0.2299049121613187,-0.0862937863892684,0.4517785908204628,0.4801021638250887,-0.3616204034442468,-0.1035792900856779,round_3,phase1,7,1,D1_1,0
-1.3211807227057033,-0.7874054501349982,0.2298116413173796,0.739620115232606,-0.6110815604275461,2.406695538466378,-0.3416565999519591,-0.7426713139083113,-1.6594614732403934,2.0567715223916823,-0.1235972364877815,0.0320751934027004,-0.1561724828363831,round_2,phase3,7,1,D1_1,0
-1.8415085554446224,-0.1954485478249392,-0.5195329478667319,-0.1796355983446778,-0.4019355824486147,-0.1478767013589756,-0.8459412810021597,0.7308742169363481,-2.122199007916326,0.7947081016603748,-0.6113338160408475,-0.0319730393113807,-1.255208951909189,round_2,phase2,7,1,D1_1,0
-1.1249476450160425,-1.505082835416475,-0.5507522893380439,0.9039269368381876,-0.4885163880573365,2.950105885966911,0.6438961990447172,-0.0673311951596306,-0.7940051183554464,1.0381835062846867,-0.2852866685689132,-0.4546841365883436,-0.565835238093825,round_2,phase1,7,1,D1_1,0
-2.0432336351560063,-1.2213666531225271,-0.0855279603663039,-0.1238282013929476,-0.550737610591812,0.5222168888261791,-0.4332494793393905,-0.8437663966013013,-0.4047985088962712,0.2272941533881592,0.5508899221823979,-0.6097158203993293,0.1908283927365235,round_4,phase3,7,1,D1_1,0
-1.684421706262072,-1.97223952507396,-1.6089527848344916,-0.3694361131771986,-0.7045943123713998,-0.2086407204275394,0.5385254363588605,-0.3992539830161771,-0.1950650733667172,-0.1039337004681637,-0.3296352966558961,-0.8535053265485754,0.0686187703986253,round_4,phase2,7,1,D1_1,0
-1.53327954693776,-1.056163186764104,-0.4847069664285401,-0.4556260897929531,-0.6772593607358834,-0.6408103870101942,-1.028930425307447,-0.6257912335976101,-0.2220146846920837,0.9744662590091742,-0.3516883744829837,-0.748367136965595,-0.5394673758391332,round_4,phase1,7,1,D1_1,0
-0.6985818288208729,-0.996347234461885,-0.9749159017499872,1.3371228343015686,-0.3364201993468254,3.0393734306320987,0.6121294890540022,0.3735765950322457,0.069406697212775,1.055128361294698,-0.0925678992964406,-1.3322284207639,0.0732097016812451,round_1,phase3,7,1,D1_1,0
-1.386057472777625,-0.5750629417986535,-1.229548072991758,-1.2824165078947465,0.1118200650339102,2.2658375375854245,-0.4705586125663373,-0.9145054071164328,-1.5197694076033712,1.6086903435947817,-0.3797686481919054,-0.6819244536043984,-0.7080594783213588,round_1,phase2,7,1,D1_1,0
0.1963805144719455,-1.825334095650737,0.7924686294324009,0.1650602175707578,-0.0783985765227307,1.6842207025295397,-0.0982434063479786,-0.5832807459131357,-1.0740407388535669,4.542776245084866,1.0900876118649343,-0.5329378374157119,-0.4191668462327682,round_1,phase1,7,1,D1_1,0
-1.7144744860864567,-1.3926417409157208,-1.235200313308778,-0.3338244175683824,-1.027754708318562,-0.6146704683488128,0.3490162612740627,-0.2544672300297381,0.9717925932081783,-1.143037406510644,-0.925056305081396,-0.6905234810474508,-1.065580843748584,round_3,phase3,8,0,D1_1,0
-1.9298261810860544,-1.345863484503126,-1.1476135273415071,1.5772597774597936,-1.0907712722529024,1.165554723070592,0.5623358449388092,-0.3386379456170337,0.3500795317331443,-1.0658460460400885,-0.7011945412688314,-0.2647451147832027,0.2891861513377886,round_3,phase2,8,0,D1_1,0
-1.470429545867081,1.8163786006196048,0.1403294975290748,3.8205407901417496,-1.100331056238146,-0.828924093798866,0.4881886250223891,1.0277991891761131,-0.1124441713920348,-0.8533348869097608,-0.704298430066069,-1.0557934709385164,0.7518806197346642,round_3,phase1,8,0,D1_1,0
-1.873322499678587,-0.6003686714384437,-0.5918079108564446,-0.4741430640289215,-1.0307399416646086,-0.1755181367166408,0.5462617835280464,0.825738081723214,-0.7882287370513191,-0.6267291090221578,-0.3758720399845207,-0.6026576263668799,3.7397509545660386,round_2,phase3,8,0,D1_1,0
-1.8704608533026297,-0.621309098105702,-1.729393723854793,2.310007915798093,-0.9706502554365772,0.0988977211081001,0.5730356035257054,-0.5871825574408118,0.8683792097778967,-1.2927637072309894,0.0386861392416377,-1.30787004419819,-0.67882499319995,round_2,phase2,8,0,D1_1,0
-1.521408165143775,-0.6551548253663849,-0.7942206683876046,-0.5878677253158359,-1.0788285335431171,-0.7110667516624278,0.5909414957234826,1.3354094197989217,0.3975535931643356,-0.8403581082633809,-0.9174362174857464,-1.051462130064905,0.6154953292115504,round_2,phase1,8,0,D1_1,0
-1.7573283967805016,-1.907991662082474,-1.4815247386764203,1.079574694746401,-0.8954496578253058,-0.0008699020430995,0.7774464886996036,0.1367429635968844,0.9453534759537944,-0.8407313190945822,0.4746961694927292,-1.0682952390955256,0.1130774961495271,round_4,phase3,8,0,D1_1,0
-1.8332183016114416,-0.2716036379403895,-2.8926679336571715,-0.6723653002487009,-1.0240776821813795,-0.1478428871905783,0.4745043593878275,-0.4663068724566631,0.1884677704769743,-1.3700617719690529,-0.4200492770970139,-0.780204920767463,-0.6902306167514626,round_4,phase2,8,0,D1_1,0
-1.5450226830262,-0.5645751874222045,-1.263148525252548,0.8780833787273291,-1.0426985738858388,-0.788091129965315,0.4708755042241684,0.1660164198955245,0.075870320410925,-0.7372865201985633,-0.4328084752841306,-0.6947132695347611,0.3506672653113599,round_4,phase1,8,0,D1_1,0
-1.815894270695476,2.8939704930670795,0.3738877403735032,-0.6496217501197151,-0.8653731462536276,-0.9687294601944724,0.8056998605556445,0.494460101654481,0.2272652274457843,-1.4106323121078452,0.3664837538739305,-2.0922778448863073,-0.2130734499041245,round_1,phase3,8,0,D1_1,0
-1.9844652515588304,4.854385387051515,-0.3184002485051962,-0.259515641650053,-1.0729327133949802,-0.3912224262096933,0.5355545387520807,0.2746715990077235,-0.2719213575514699,-0.3106662143766797,-0.5492418167484727,0.9723890321066474,0.9120955312311309,round_1,phase2,8,0,D1_1,0
-1.6937461841866792,-1.1886565514738234,-0.4711400565759347,2.0620314376721662,-1.2625284585877623,-0.8182557418770818,0.1310079867019661,-0.0448458017904413,0.022756119417522,2.1853214961187737,-0.7284504564469522,-0.4894063399515737,0.0473420535024338,round_1,phase1,8,0,D1_1,0
-1.575581556299904,-1.298315818448166,0.9371046680279242,-0.0126186866302149,-0.5005307087359254,-0.3723943475922633,0.4652692705880527,-0.4819408164840709,1.0652294160696365,1.3134877906583378,-0.5737040654754612,-0.4942122751142254,-0.957307471820942,round_3,phase3,9,1,D1_1,0
-1.8151960205784747,-0.0654310270039737,-0.2291803303277908,0.6457382482234538,-0.3938357328309002,-0.6791758888392598,0.7279312870360661,-0.280429910490303,1.4237906184922628,1.047880502669764,1.648082947696777,-0.9029401335050732,-0.7800211007992254,round_3,phase2,9,1,D1_1,0
-1.2699693394383935,0.2930324361878658,0.121146558092619,-1.6810675029238864,-0.5851961521524343,-0.8493389908218132,0.614688585583155,-0.9517549899829518,0.98334994057532,0.9240050313013374,-1.0323755770094167,-0.7958361683584791,-0.546593849821175,round_3,phase1,9,1,D1_1,0
-1.564257940804183,-1.607773078573978,1.1887371431517608,2.8536823101572977,-0.5682746433046498,-0.1407574924276839,-0.1611843931948724,-0.3931468119780982,1.3006255479305735,2.1699593536206567,0.6291979724632505,-1.0511269331519748,-1.0315498150751905,round_2,phase3,9,1,D1_1,0
-1.8116834312203756,-1.4525851233870737,0.6811474543138271,-0.5540830983387212,-0.7349435086487057,0.5175659171957522,0.3891509361161615,-0.5969552433457535,1.4662826375390232,0.8593423573365137,-0.8631671625630264,-0.8182322662700899,-0.7696352406793969,round_2,phase2,9,1,D1_1,0
-1.3511196033122097,-1.585542960210741,0.7962538735834684,-1.732142059841152,-0.7383319408457407,-0.2345626291864359,0.624034128732867,-0.585191105220499,0.7384614835176726,0.7240594153140865,-1.3248706156428742,-0.1884478627760964,0.1471044943013668,round_2,phase1,9,1,D1_1,0
-1.5503476198686506,-1.8734591703889636,1.5583599417354057,1.3526518694284129,-0.536404639818181,-1.1806618944046947,-0.1408556317531804,-0.4907540962038175,0.4884628486225039,1.5651175848082572,-0.9841929559814518,0.7072118631203228,-0.1208452409353314,round_4,phase3,9,1,D1_1,0
-1.7604600039127434,-0.3398794327659608,0.0972227151868998,1.4177453622538427,-0.5048543118387218,0.0017738274477208,-0.0202216685103216,-1.0301065169785124,0.9716958590399368,1.9062880070534016,0.4019839498006002,-0.9418590209172464,3.1253414292198523,round_4,phase2,9,1,D1_1,0
-1.321669661525593,-0.7536488668530984,0.7999944447098744,2.173554020401892,-0.4519549317170387,-0.7621469919051944,0.554014738227157,1.2034874496920631,0.7215371886327295,1.743266185839456,-0.0282385887904811,-0.6705262366030991,-0.5996908603411241,round_4,phase1,9,1,D1_1,0
-1.9007337987641049,-1.303176584528886,2.0224499778778475,1.617625642306612,-0.7958344955566027,0.1538825556957365,-8.431485690452526,0.362308191847224,-0.7622297693964105,2.6528806061145382,2.117350733954858,0.2539411776288591,-0.4923063063979285,round_1,phase3,9,1,D1_1,-1
-2.2078366637436337,-0.4344725669715522,1.6781558283467222,0.5276631135839863,-0.9394939581534292,1.9829874694719465,-2.104559648356489,0.3658605403164411,1.0943901356270405,2.7819550860065188,0.1218404000078214,-1.123635427435109,-0.5070838242026278,round_1,phase2,9,1,D1_1,0
-1.5844450539797172,-1.1788760440766566,0.967756156485726,0.6016680335179129,-1.241617435992841,1.2828529907560968,0.0410506139596767,1.632961367245371,-0.4512728821699208,2.8037343276384976,-1.2168020565151452,-0.1803105310663036,3.857236757845233,round_1,phase1,9,1,D1_1,0
-1.7577055727834343,-0.0024665956578321,-1.699330992079768,-1.8735371809790675,-0.910238806305095,0.0345276806369051,-1.887630545254316,0.524675193112633,-0.3684671180561479,-0.8157120266008343,0.100568992996081,-0.6953045122440701,-0.2408956112051117,round_3,phase3,10,1,D1_1,0
-1.9808102498336424,0.0783932962752234,0.2631723346829255,1.022363304968097,-0.968087724479054,-0.1537888819635491,0.3478776282471216,-0.4655925677947273,-2.448969697488305,-0.1747435055008755,-0.0092374379705812,2.243237643753258,2.450451728469989,round_3,phase2,10,1,D1_1,0
-1.448585763177076,-0.0354745687038042,-2.633885639127692,0.142930969076794,-1.0508163104654038,-0.7216359861073398,-0.6532461296892307,0.3330738753933036,0.2543774517248428,-0.6562667054991617,-0.8512011719352731,-0.7945374758303234,-0.6965015601406045,round_3,phase1,10,1,D1_1,0
-1.8515461228557255,3.4033002676648385,0.5876998150286639,1.1099586064174305,-0.9474931938260812,-0.6071837752593555,-1.3924170328643162,-0.2848145403618294,-1.851752947524116,0.0946587391415794,0.1369120778917636,2.1751150161659334,-1.1783119551643162,round_2,phase3,10,1,D1_1,0
-1.8082440221643443,-0.5335084835136635,-2.3235015433655843,0.5149938281151738,-1.2836421741368846,0.0504279480702786,-1.7690533038228635,-0.3781718046881318,0.5311478695251968,2.2533296996318284,0.7541943455701705,-0.9716479273324145,-0.2685706175549263,round_2,phase2,10,1,D1_1,0
-1.3319355563097162,2.6986543158495246,-1.5015290357804507,1.5993541001220015,-1.1604988425882212,-0.7312878578967488,0.7506205203788623,-0.1213816612889924,-2.344471135608388,-0.326918322046506,-1.7332276681768728,-0.3790972596036726,-0.5729445086703066,round_2,phase1,10,1,D1_1,0
-1.4875349863320804,0.5986009858147261,-1.9112431047271508,0.9076195736749386,-0.8973263371566061,-0.1606726838884225,-0.1241195885762573,-0.1980356335693549,0.1972288654721243,-0.4296906385434468,-0.3662133602770446,0.1102866628000636,-0.884028444114352,round_4,phase3,10,1,D1_1,0
-1.9588055846642096,-1.6197360175341569,-2.381619938803083,0.5320213077412156,-0.848658774944887,1.6273429874637142,-1.965451275153522,-0.6983709449141936,1.086940019828712,-0.8129414598099377,0.7155813130525367,-0.7004123354757301,-0.8606991795197978,round_4,phase2,10,1,D1_1,0
-1.5123937912832564,2.144509202542382,0.8478361619119011,0.5614471081746801,-1.027389155737966,2.093241814770447,-2.2628160813587344,-1.4078319145221636,0.5142650330058183,-0.20804956148941,0.3761986987141827,0.2363075546818791,-0.9017454436268852,round_4,phase1,10,1,D1_1,0
-1.2318966320164904,-0.056571072641906,-0.1955688018177543,-1.0300705867630562,-1.1797333251528508,-0.4100339156273535,-1.9677929884988437,-0.5491888147143221,-0.8735948837013646,1.79167492648917,-0.8845783830465467,0.3010244394035121,0.3316820218199,round_1,phase3,10,1,D1_1,0
-1.9091578472766968,5.7838904741212085,2.304531744813768,0.1882520150221107,-1.0412511640795508,0.2579978013019664,-0.9255444419900304,-0.8450994508178699,-0.0906412692415329,0.9926502966555982,-0.1559349350919973,0.2544164260369163,0.0764993913999455,round_1,phase2,10,1,D1_1,0
-1.7263315317805492,2.7189361710143296,-0.8742435660272465,-0.4320212794564771,-1.1328726052322395,-0.5229000175701636,-0.6267042389068207,-0.1421783694880677,0.3005507374494624,2.89043699767352,-0.6889454739484184,0.1310803333330967,0.2719673247507072,round_1,phase1,10,1,D1_1,0
-1.501325559932977,1.6440163963713126,-2.257074278955642,-0.3537688888130681,-0.5820049719142816,6.329705861162559,0.7319157335477605,2.370699274411178,0.341388405722648,0.7133377746175895,0.4099796434523595,-1.2516829659532631,-1.4340568835758416,round_3,phase3,11,0,D1_1,0
-1.030086269022496,-0.7392577649311735,-2.169097966643,0.5259070913831232,-0.2659823034342302,0.6812989865201348,0.8024273212648713,-0.533668149084198,-4.24480795658632,0.5914744085507784,-0.461717906715674,-0.1170736444044971,-1.5530488092729977,round_3,phase2,11,0,D1_1,0
-1.2907949125549896,-0.728578332827955,-1.619102296146551,-1.6416371570120014,-0.4492651320542909,0.5410557228308069,0.1677349546688662,-1.15203766002226,0.2432493476604912,0.5522159061815717,1.7709389784040632,-0.583789500228276,-0.7686331735527758,round_3,phase1,11,0,D1_1,0
-1.4710557894159442,0.4933616920606691,-2.6631860039926947,-0.9164895412802694,-0.7040073943433396,6.947648361165208,0.9115491816535368,1.4537711462383105,-1.8111944552858903,0.2500097255525664,0.8669760134525023,-0.7895472629052321,-0.8971622912298922,round_2,phase3,11,0,D1_1,-1
-1.44692623551718,0.3335907021771401,-0.4652074197776625,-0.761540872626524,-0.7280588214842695,-0.0872436728905556,0.9372170132458788,-0.5129021806963684,-3.248124352336618,4.186687285084527,-0.1967996710829328,0.1021896791416027,-0.9117001140525132,round_2,phase2,11,0,D1_1,0
-1.2144563087816194,1.159978751657785,-1.5041458367725886,-1.4626325188360518,-0.6677180447798048,0.1434456579248106,0.7711324750258537,0.0550305509034983,0.654424503764792,0.5462631155589389,-0.2719933869171922,-1.0428353634948877,0.679103509130855,round_2,phase1,11,0,D1_1,0
-1.007956050199997,1.8001342070599935,-1.5108541376115487,-0.9559038124149616,-0.3048535734331163,0.1980839525863361,-0.5197472028594022,0.315727484537194,-1.082963918599838,0.6483566303275099,2.176792572305813,1.175670765207273,-0.8683909954033714,round_4,phase3,11,0,D1_1,0
-1.2125653225227455,0.0365611228571078,-2.321300843170206,0.2525091206772427,-0.2417200638848908,-1.3955115533613158,0.0492629644739805,-0.6451008863912625,-3.4147807129160457,0.8020809624963212,1.237384080606918,0.3739626273096484,-1.4843048111778108,round_4,phase2,11,0,D1_1,0
-1.519736250736642,0.2646401744672441,-2.3418011501340747,2.3382191459152004,-0.1612515631210862,3.5935949084820615,0.6260749306292502,-0.2655004531496468,-1.352689022867146,0.919919112723944,2.980463833941731,-0.6186795065689008,-1.017236208979266,round_4,phase1,11,0,D1_1,0
-1.2177025832996669,3.211721625673707,0.1716982420615293,-0.5079325863837719,-1.054433857098846,5.634398862881122,0.6525733300616243,-0.4600310499049437,-0.975617512323924,2.487300952968062,-0.1435478033768314,0.1356119775830897,-0.7303140013297014,round_1,phase3,11,0,D1_1,0
-1.2929761310978685,1.1653046701865528,-0.3967501772100175,0.3187036125021679,-0.5585947715955946,-0.0930283524230106,0.5036416860035595,0.3299052121827072,-2.518136675593762,1.1142104343214922,0.4208620327126973,2.391341445682554,-1.3728855613965467,round_1,phase2,11,0,D1_1,0
-1.4575646196634389,0.9355752595245213,-0.676113828941707,-1.7735994384463245,-1.210152199466194,2.8368120609522536,0.7605797468370465,-0.0220850392862978,-1.8811971404564625,3.101969137406326,-1.2360921974028256,0.1562033384880643,-0.1112645847134033,round_1,phase1,11,0,D1_1,0
-1.187129268310561,-0.4393055694784757,-1.365843745112819,-0.6749844343555443,-0.4877780385493631,-0.6705159755528679,-1.0568530202462854,-0.4499470960180102,-0.1882644036978051,0.4317825384425632,-0.9567973096382127,0.3547916287877189,-0.5705742171948127,round_3,phase3,12,0,D1_1,0
-1.533861634588753,-1.352136173467571,0.0401096863240925,1.6240387259707965,-0.0840643817356945,-0.2187888288857429,0.6861041701034274,-0.7414383551516852,0.7867661901446753,0.5547362939177359,0.2187647931461268,-0.8474352745235698,-0.3539407354174466,round_3,phase2,12,0,D1_1,0
-1.005009079563424,0.104788142258351,0.21626756759353,-1.8597915778927068,-0.3327432404424162,-0.8026225285786408,0.6906080530868586,0.0949167838116204,-0.6905884254718069,0.3722811676075959,-1.4530593542971764,0.0439861374549644,1.1821528208419827,round_3,phase1,12,0,D1_1,0
-0.8048661528238169,1.5856269102274827,-0.4498015200559254,0.663222250702916,-0.1873321758564811,-0.4274998872377191,0.4175336549319605,3.4319692380038056,-1.4704412446328985,0.4491424784010164,-0.8344465965922575,-0.993548963442852,-1.3239299989058566,round_2,phase3,12,0,D1_1,0
-1.0367304139826472,-1.0783334754804936,0.735952538628437,0.4723274412580742,0.39258812929343,-1.0218113087563885,0.3010147805980171,7.976853920317658,0.3403419936947027,0.4467917152446211,0.0469220491153127,1.9128522432319253,-0.4831840282305513,round_2,phase2,12,0,D1_1,-1
-0.0774706457374903,-1.0294745461569408,0.1980579955131391,0.6679447243048798,0.0566408404758909,-0.3322487666260408,0.6775813982890346,-0.1839545787819061,-1.211562881961476,0.7555455683155802,-1.287741832134219,-0.5223218166587218,-0.8626121498921875,round_2,phase1,12,0,D1_1,0
-1.0987867791765409,-0.6056816204560714,-0.9566250455132612,4.075902677547508,-0.6256128412643155,1.565847337452164,1.0941050974379638,1.2968888714032891,-0.3928581199806834,0.661103354316185,-1.34972113360115,-0.8099694025465609,-0.8317995628491563,round_4,phase3,12,0,D1_1,0
-1.475946672869944,-0.3597788046468009,-0.385644925982641,-0.8082864798855706,-0.3535144178399987,1.288534083944821,0.6424296956751551,-0.5280048924948498,0.4828272329367105,0.3922337680365491,-0.5769767523355418,-1.3680954008403217,-1.1480178806658736,round_4,phase2,12,0,D1_1,0
-0.8693724045528435,2.1257191434681637,0.7772104724226622,-0.2000153469187101,-0.1301454114839763,-0.7536684598364148,0.0238709864559576,-0.0338865122754712,-0.8336217787028567,1.307966619989149,0.0404833416239269,-0.3723832703012206,-0.9666884074084308,round_4,phase1,12,0,D1_1,0
0.5649293824752033,-0.3793945540789419,-0.4641986301269676,-0.9189344425703946,-0.381904287061774,2.7684163718726764,-0.8360600773394125,-1.293649457804679,0.4454080047695166,2.4113240075536666,0.2181649766199046,-0.0147636553306105,-1.0989778682107112,round_1,phase3,12,0,D1_1,0
-0.2174866885146549,0.4628423231379948,0.1752513580000198,-1.3736551888171684,0.00176142339099,2.8254707410364963,0.3020511760966862,-0.2016358986228341,0.0426671921688125,1.210837532830248,-0.3286130420820352,-1.8895327416033203,-0.8865761425077998,round_1,phase2,12,0,D1_1,0
-0.8494686275221642,-0.6748429118721831,0.5573681890134192,-0.0497623431622262,-0.4060510511783832,2.4653018227080197,0.1402453354575236,-0.7533892924453525,-1.7204824468499806,2.970187660012103,-1.375244015740637,-0.0617679293058626,-0.0181445182423061,round_1,phase1,12,0,D1_1,0
-1.6230518465808976,-0.1280103028566771,0.1013213828852978,0.5565293497555696,-0.9546144779991012,-0.4708849476910617,0.8754368802787053,1.1519794841449562,-1.0200137557580375,0.1573799745698024,-1.5889243017538577,-0.8001409442248002,0.2127875724272167,round_3,phase3,13,1,D1_1,0
-1.7984167461492957,-0.5547885746580604,-0.1686805554388409,0.5285412773663797,-0.9413235508936306,-0.7423946826208075,0.8008151274137593,1.152690507780049,1.185198874700016,0.0046000262983548,-1.094493704878441,-1.1574141813783678,1.003963217569861,round_3,phase2,13,1,D1_1,0
-1.4237598863028331,-0.6037666246325177,-1.6350593225816137,2.0366968922704545,-0.8287336995108898,-1.1177156142604614,0.6628156585115562,-0.1983901969651627,0.7435997089592746,-0.1520696220555006,-0.6549507938025663,-0.6864573828389566,-0.2617927881832334,round_3,phase1,13,1,D1_1,0
-1.5274585377184449,-0.1286783233359046,-0.4383070432943056,0.2317283374148897,-0.7597357322947828,-0.5119403886197033,0.7115182595616976,-0.7593218199324462,-0.560077066844413,-0.0518723464737724,-0.9397316371027536,0.3381680085095925,-0.615618240325705,round_2,phase3,13,1,D1_1,0
-1.9337199815761577,0.4235125840100027,-0.2377605667853029,-0.1315620247573684,-0.7885668008624364,0.3050955723254298,0.5993432822563743,1.1142692638675815,1.3603187268199963,-0.3511890773492343,-0.1350857995529958,0.4072537955195225,-0.3732021137772332,round_2,phase2,13,1,D1_1,0
-0.3957192722633174,-1.6409656775033803,-1.597399588507502,0.1995395093094105,-0.4760368625423726,-0.6502631760100472,-4.022128526529807,1.6301794138665295,-0.737707507922223,-1.4896036182081362,2.1111092883521745,0.0990357878757289,0.7115806375829853,round_2,phase1,13,1,D1_1,0
-1.6975209723393496,-0.4467330859848256,-1.6554089375427503,1.423350559850588,-0.8718533980813906,-1.08749321481449,0.3412138364697222,-0.7296300243252015,0.7184785185184143,-0.2660434129830715,-0.5771505697489155,0.3033034553640915,-0.3834165563505278,round_4,phase3,13,1,D1_1,0
-1.723841788751573,-0.1683833927463489,1.0992621140758294,-1.7701004931800923,-1.0658891610174055,0.3530690268337383,0.6125278581765791,0.2958528651601295,0.7322476195146214,-0.3036966069630386,-2.241089401451643,1.2101207843378818,-0.2438966351163387,round_4,phase2,13,1,D1_1,0
-1.40741607144392,0.1608304708119343,-1.120531877185835,-0.8405323940826062,-0.9247946079718964,0.8872499405128347,0.4232919103170716,0.233782624946031,-3.86630870045618,-0.1968779579863163,-0.8172430713419285,-0.0761714183101249,0.2358093369460931,round_4,phase1,13,1,D1_1,0
-1.7403039650336338,1.7079942974539175,0.2476585278845607,-0.1647430019996104,-0.9934643586449792,-0.3734802003608355,0.7642108552257669,0.6249214114025721,-0.7844929987491982,2.0408115401683316,-1.3329737119517675,0.8618395826175976,-0.6779527448652457,round_1,phase3,13,1,D1_1,0
-2.0228251554794596,1.721290725123184,1.306590923079597,-0.8269368690711135,-1.1736252794298876,0.2009461712455666,0.6520629779323334,1.7488252026937356,-0.1854077247432053,4.584317850957666,-0.8808630356131817,0.7736756538230634,-0.3033812404326067,round_1,phase2,13,1,D1_1,0
-1.516887427995449,-1.4991897270467578,-0.3123247221096419,-2.108695662025038,-0.960559524546244,0.1069852164318478,-0.5162642444307987,-0.6093885837276871,-0.6270223773449026,1.0919296713474749,-1.408629937674709,0.3872333684761687,-0.4360483729020307,round_1,phase1,13,1,D1_1,0
-1.7673370499520933,-0.4527191071138041,-1.023744043082035,3.1731656522841982,-0.7226307157045626,0.8402473148849224,0.3282219725547623,0.932559213774073,0.3253834417126752,-0.4655352593855795,-0.334841360644046,1.0286868609979811,0.5244526981236525,round_3,phase3,14,0,D1_1,0
-1.733883457732916,-0.674289281683571,-1.4477279752700662,2.370570023464331,-0.7476927594913232,-0.4110573290941612,0.8167932535624896,-1.000174059409539,-0.1436266893003901,-0.5861765975962202,-0.3805364078585749,-0.1182640155485246,0.7278286274099119,round_3,phase2,14,0,D1_1,0
-1.3209994159161924,-0.7344177546770866,-0.8045340463566982,0.5024494289637658,-0.675183399379528,0.5220960204731102,-0.2545011387812779,0.5809289090814918,-3.6533196288276217,-0.2296909142343911,-0.2188960817534454,1.0283118712010648,7.319150504571321,round_3,phase1,14,0,D1_1,-1
-1.2618646343401685,0.5495755940418239,0.4950546104851887,1.6534671237543004,-0.8339921840319878,2.9576843604547083,-2.071880653256454,-0.7275796978688573,-3.669657911138872,1.0072580803755071,-0.5594497881739868,0.9479189963144716,2.4551653874013946,round_2,phase3,14,0,D1_1,0
-1.82691002384039,2.8449211016812788,2.5298475059387684,-1.3526301008909711,-0.5331376697311968,2.219718712462284,0.5896796017569944,0.1262620333461589,-1.4960007133877726,0.1191044116807178,0.6453728891539107,1.2324061869528309,-0.2987474597344227,round_2,phase2,14,0,D1_1,0
-1.2639353549845034,-0.2895648238683838,-0.9857776883215034,-1.2058689298754366,-0.8005259148791567,0.6858573728238723,0.2248346361921123,-0.80018602969252,-1.2804093310141995,0.1425938972984334,-1.2669942000484216,-0.3034037636744844,-0.3865732136967133,round_2,phase1,14,0,D1_1,0
-1.622882008664642,-0.2711420460262084,-1.1021496126750954,6.554486963109838,-0.7504275261738356,-1.1364190924392932,0.9780361523203722,1.4033007522142675,0.1851449264992553,-0.5935001395028398,0.1126363377535908,0.0194140526365989,0.1651656246040813,round_4,phase3,14,0,D1_1,0
-1.899302352724636,0.9180091870007904,-0.8595727004302864,0.7829628549224539,-0.8120635686314381,-0.1425287674325581,0.8283600922908692,-0.9000446573984069,0.5193573136729022,-0.3709724004077587,0.0135364383049923,-0.9803948546974824,0.6193660406083276,round_4,phase2,14,0,D1_1,0
-1.4490416287824208,-0.8137988344955723,-0.6992163032531535,-0.1715077545388385,-0.9467922933708064,-0.9909967850936234,0.5512093308246854,-0.1967379912694598,-0.5054527344593877,0.106488307877498,-1.1814902192216203,0.2169100394834787,-0.6663107241175033,round_4,phase1,14,0,D1_1,0
-1.7770530187457818,2.7037628123637125,1.2916669916646992,-0.6707049845517354,-0.8674807478026201,-0.350812838223085,-2.503444007660551,-0.7341999702818024,-0.3117996075666789,2.6988806810318215,-1.4261328237071076,1.80563416044318,-0.5152493260396299,round_1,phase3,14,0,D1_1,0
-1.6910619791094013,-0.8206835363101146,0.1948568558548136,0.0589626924264207,-0.7201144117832683,-0.149540029845213,0.5544316308266719,1.712104214886246,-1.6289569644775486,1.232388322223496,-1.088993044621537,0.2988004751877068,2.8419573395543067,round_1,phase2,14,0,D1_1,0
-1.281024871645727,2.856894000083728,-0.1810165269527785,0.5195362358358754,-0.5691215285048224,-0.7595329905181394,-0.2110345951525726,-0.4525712437566833,-4.550735770161314,-1.0113705779304591,-0.4685533378845082,6.217000931267925,-0.0501705584328977,round_1,phase1,14,0,D1_1,-1
-0.6692143729043477,-1.1818188425952865,-0.6203091045443888,-0.3150245738975303,0.203160901092288,0.4533576705453422,0.8222988070430677,0.4070099324016064,0.3401574275205166,1.1921679220465786,-0.0560515230533853,-0.6640795218972382,-1.03501756126829,round_3,phase3,15,1,D1_2,0
0.7037982214643953,0.3065263663509007,1.8125034568356055,0.8312646747996302,-0.192238384807777,-1.6277637929731257,-0.7871949898347548,-0.165664329008125,0.603533800716468,1.251893619972997,-0.3690291420675178,0.1473348373494699,0.3314125130235144,round_3,phase2,15,1,D1_2,0
2.085149393135724,-1.969676679860162,-1.0298818343809717,-1.1945751063125778,0.3287777636996807,0.9869753638487634,-0.6260786232983835,0.225984504179052,0.5202842016949265,0.956686309168762,-0.9042115508299772,0.2892081627918544,-0.5785519389233592,round_3,phase1,15,1,D1_2,0
4.858340768339702,-1.8140035775337189,-0.4039035308011038,0.4307387425101145,3.1672315539717015,-0.351830568691315,-3.2869531477092635,-0.5302451442456559,0.6273595571350105,0.8645578552989145,-0.7616730837421192,-0.3015413020917191,-1.240322653908596,round_2,phase3,15,1,D1_2,0
2.4371805569994924,-0.8826043797258531,-0.0401449329008636,-0.9188150427889104,3.250793937958629,0.170906130857,0.801249155714655,-0.7487242339299122,1.7051698008658662,0.5813655065085034,-2.670369269965815,-0.6719060568888229,0.1662314833793934,round_2,phase2,15,1,D1_2,0
0.5390748985918206,0.3401645207917932,-0.5491005487920023,-2.530666355213,1.3902030210586522,5.29493497654771,-0.2302267502072916,-0.2137226986000412,1.3949660548650604,0.8307018051852987,-0.3523791228411357,0.4683324567703861,-0.2517451304023372,round_2,phase1,15,1,D1_2,0
4.996946742861267,-0.8627180986028414,-0.5895781796239525,-1.865791866293897,1.9571261958209425,-0.8654215689289382,0.619648351214015,0.036027713947625,0.5540275066570104,1.1521906998364888,1.6653822903586872,-0.4272333910262278,0.4010195557216384,round_4,phase3,15,1,D1_2,0
3.8231569785446786,-2.2539841039937447,0.2945474329324264,-1.8257489770631816,3.614748658265386,-1.166341105497429,-1.7255085912198056,-0.5193489612711805,0.491781614364816,0.7682525921485813,-2.1895501231291985,0.3768787700000022,1.317274450013953,round_4,phase2,15,1,D1_2,0
1.7215217926957405,-0.0708754231102567,-0.3880352791968608,-1.6821955680099403,4.160145898846908,-0.4179144355000992,-0.9118788781466848,2.234401375118764,1.111400166723696,0.8765904643103778,-1.55248247238269,-0.6943690622403452,-0.7141606821216283,round_4,phase1,15,1,D1_2,0
6.085718369242471,-0.9788770397022988,0.4306066325680245,-1.1182052965263212,4.229189356167848,1.2261151014918732,-1.2292405062559462,1.0206741022455694,-1.5010452544278088,0.6398659822755721,-0.5205794126615195,-0.4287885025213102,-0.8025635468372796,round_1,phase3,15,1,D1_2,0
2.7090401692697204,-1.2642502739480697,1.0360296577100212,-1.5164313845651662,5.788680423274984,-0.7363248218611805,0.3659197466626551,-0.6538374924702927,0.6831482488173093,0.2500783482825942,-2.738018129950446,-0.0556147338643336,-0.1460857237468964,round_1,phase2,15,1,D1_2,0
3.863099814945463,-0.1859677596580791,1.5570496331329868,-1.5157342872536934,3.2630968632545443,0.8234964270005614,0.3750577106691232,0.2164155824869225,0.8645632951540536,0.7712779626571576,-1.7174665862081608,-0.1577883517272274,-0.7969534512650616,round_1,phase1,15,1,D1_2,0
-1.1236461032547838,-2.002382051259484,-0.9462600293123932,2.2083882247308777,0.529507996644841,-1.05574371619567,0.8771006498475123,-0.4108220829140037,1.3246711077651732,1.5524341180112118,2.493571987980002,-0.3593036807020457,-0.5897361401481546,round_3,phase3,16,0,D1_2,0
0.8267085285097716,0.4333947917749273,-0.001700196191639,1.3910107942261754,0.3948969971466411,-1.1168620423777675,-6.983804005076031,1.6638432940214445,1.4956114726823964,0.9700375674224828,0.4442741196815193,-0.7746220274748888,1.0778663011880885,round_3,phase2,16,0,D1_2,-1
-0.1280430380558843,-0.9528977000001028,-0.6214631586192636,1.5004260844512525,1.077382237835509,-0.5581956430351322,0.5807241507829227,1.574669377417058,0.6268495850912538,1.1265345529951645,1.1671357826087867,-0.4224133304047126,-0.5886520914990492,round_3,phase1,16,0,D1_2,0
0.871608748869835,-1.6511920277458556,-0.7124943244540991,2.1578188452198552,0.986662652950454,-0.8554310731741773,0.9008330269122466,-0.4860870983666652,1.423834607954657,1.2847957933080152,2.082764839607605,-0.5504290721418685,-0.1606539871354424,round_2,phase3,16,0,D1_2,0
1.7216600832441613,-0.3209451338208758,-1.4254044578466694,-0.396883446770544,0.9458906414485704,-1.4626135003361838,-1.850115787319542,-1.0499588990629372,1.2939875365627933,0.707795897953362,3.257753989754494,-0.496857106007319,-0.751967891862573,round_2,phase2,16,0,D1_2,0
-0.8199449204495886,-0.0324149213343152,-0.9682516699281246,2.459789007935945,1.730991894056079,-0.5979222838695886,0.4722856320884485,1.2365039145951466,1.2521362916023029,0.9249955895234296,2.2516473238682773,-0.8192395441179442,-0.7566072903578672,round_2,phase1,16,0,D1_2,0
0.5525330810088656,-0.6364137794445065,-1.3237265628971724,0.5689209753824847,0.418689823393917,-1.364612019362068,0.2827221867281523,3.9344675984615023,1.1123606369117087,1.0863268823218415,-0.5040759852170457,-0.6663000528072909,-0.7684167495199603,round_4,phase3,16,0,D1_2,0
-0.6300116073157884,-1.4777123488836694,-1.7015657325355225,-0.0521325252518619,0.9111585385607852,-1.153848143494348,0.0170192376328674,1.287559322939667,0.7461691158325054,0.8079321060325514,-0.8983759478635893,0.6711803325821075,1.6141255132270311,round_4,phase2,16,0,D1_2,0
1.1795686660370488,-1.842119688242606,-1.4130880424242551,1.5363783810477831,0.9395069790525836,-1.1957081088280046,0.5615337585163617,-0.4074356039762216,1.188949515612688,1.0351669456254196,-0.4640874176021096,-0.2885257616858001,-0.476143200124984,round_4,phase1,16,0,D1_2,0
4.448061797680389,-2.0643711381991063,-0.6878991443429854,-1.4330916494868478,-0.0809953801429572,-0.9432061940444562,0.1508537666576308,-1.0977646398736691,1.6355499499820794,0.991952244029486,0.2062301198651672,-0.4254103725991981,-0.8847540676392209,round_1,phase3,16,0,D1_2,0
2.80930019396206,-1.9410422213550984,-0.3148995856660147,-1.920648713733513,0.8213311173440622,-0.2252529035730107,0.3656632870629253,-0.3664144238467521,1.8291708591868023,3.6922677250245575,-1.4637411500619484,-0.7657259890147952,-0.6918419015439824,round_1,phase2,16,0,D1_2,0
1.881289298013904,-1.366199144489724,-0.4340914933355646,-1.492760794582672,1.2278137819996604,-1.432942862914466,-0.5454806390710005,0.09872219406121,0.8787501552356392,0.9666621952983476,0.6848360092981214,-0.4350166735824908,0.1731023662558048,round_1,phase1,16,0,D1_2,0
-0.6531731912633487,-1.173760596080128,-0.5431778367397827,-0.3183735087216368,0.213409471763279,0.4404242953900493,0.8317705431430336,0.3924016303254573,0.4067813131507173,1.0197161872616594,-0.0477620106639527,-0.5505423415451002,-1.0416112443727654,round_3,phase3,17,0,D1_2,0
0.7198394031053943,0.3145846128660591,1.889634724640212,0.8279157399755237,-0.181989814136786,-1.6406971681284184,-0.777723253734789,-0.1802726310842742,0.6701576863466688,1.0794418851880778,-0.3607396296780852,0.2608720177016077,0.324818829919039,round_3,phase2,17,0,D1_2,0
2.1011905747767226,-1.9616184333450035,-0.9527505665763656,-1.197924041136684,0.3390263343706718,0.9740419886934704,-0.6166068871984174,0.2113762021029029,0.5869080873251273,0.7842345743838429,-0.8959220384405447,0.4027453431439924,-0.5851456220278344,round_3,phase1,17,0,D1_2,0
0.0802058430303617,-1.2314616256979103,-0.6737381745360026,-1.8159963619989723,0.5312911023355331,0.2157027438987144,0.3645607090404958,0.7793230994535078,0.8791347566332376,0.5743016605974477,-1.3381426025001453,-0.012534085091324,-0.9140644967394936,round_2,phase3,17,0,D1_2,0
3.0117683356923517,-1.0543513181058322,0.356259904262483,-0.8046688518436113,-0.7204510732226107,-1.2830636040942112,-1.6735407467296122,-0.8966882974781051,0.96494142838944,0.2581687826211452,-0.8121168842106404,0.4095752066527222,-0.353775424721882,round_2,phase2,17,0,D1_2,0
2.737417436333941,-0.9593254924102922,-0.0251108260347065,-0.5626661747067574,-0.3540515248625418,-0.3232132032010476,0.4820289164277898,0.898550168269484,1.3068081219416186,0.5138840688011773,4.718807146209343,-0.0389395469388464,-0.7633755381319572,round_2,phase1,17,0,D1_2,0
1.0419223217427536,-1.8950494083972456,-0.7423554051450794,-0.817969184755854,-0.2731045043060413,-0.6599415045139999,0.6679311445218272,-0.7807330809177575,0.1126503053816972,1.2254057835210856,0.4591277157545072,-0.3047322821870976,-0.7917299770838812,round_4,phase3,17,0,D1_2,0
1.511921057339588,-1.6318327921198148,0.0689071332777708,-0.5713622186180448,-0.2151803732015417,-0.7944989467645373,-2.88704274478474,1.4671525777940015,-1.3737341088451966,0.7541941018445838,0.2802887011686044,-0.29945718111105,1.8581518374921624,round_4,phase2,17,0,D1_2,0
0.8001053736682663,0.303983075139519,-0.891120048243815,-1.287800808901648,-0.2860866317707687,-0.0307691934189971,-0.5772342168454528,-0.1926701582390707,1.0195879819066291,1.1004329093962264,1.0240183900148276,0.947136563138844,-0.7138126983989554,round_4,phase1,17,0,D1_2,0
4.416163684696028,-0.8571844057888194,-0.1920841623388602,-2.458047849288045,2.003708537705149,0.8561966421739988,-0.7554124026304494,0.5651179972607364,1.675779352344238,0.3755099729975994,-0.4231527618151144,-0.7013131800049031,-1.2680670333944242,round_1,phase3,17,0,D1_2,0
4.971816674715288,-0.6259401501311055,1.9928115286647088,-1.0902467792703956,-0.874693525724315,-1.1677024896624446,0.5375011072076954,-0.5512421686176288,-1.36690976404835,1.088618033627217,-2.3573968711481985,2.558905536312754,0.2373306438998212,round_1,phase2,17,0,D1_2,-1
0.0724131142636665,-0.8265451549452436,-0.3256050987046781,-1.449783700302362,0.5287757777578376,-0.500933604886551,-0.002525124026188,-0.926723337851097,1.2272418607049451,0.6459068871741515,-0.6140407032910833,0.1218710523833682,-0.6158347270218457,round_1,phase1,17,0,D1_2,0
-1.6527595911882378,-1.2350678804993085,-2.167557329144884,-0.1502931423383669,1.8042244655800437,-0.5096340589767319,0.0305077187057685,0.7585029910199874,1.2068816569319172,1.6150699013524517,2.1107733785100686,-0.1915875051151985,1.9914284519347587,round_3,phase3,18,1,D1_2,0
-1.024207186724474,-1.250321881362772,-1.7631579058645093,-1.616404382387385,1.165781221039465,3.96887887041551,0.0761805480021378,-0.5162323762608337,1.201542899509253,1.576026920536369,-0.9071051465456548,-0.6277866743328774,1.480194186207359,round_3,phase2,18,1,D1_2,0
-0.1110510665763659,1.4476450696222898,-1.2491514016247482,1.2339973882337467,0.793073540807415,3.5492464212344124,0.8321959690068885,2.1194509709093983,-1.9483144463518016,1.1580077704437373,0.1439264250340019,-0.9966014156832322,-0.3748065365336496,round_3,phase1,18,1,D1_2,0
-0.9963173054705398,-1.1900543562237222,-1.798836311948017,0.3104461137770551,3.9304320394658694,-0.9741755027017304,-1.147781803874252,-0.8072905927343589,1.3333697853734772,1.3840671806835387,5.821434663317661,-0.5760129461267687,0.4309468125621802,round_2,phase3,18,1,D1_2,-1
0.2550361477655611,0.4865548429843262,-1.6218201628923967,0.8041301797562554,4.358314253092528,-0.5756930301240127,-2.700159003531623,-0.0942697915840312,1.8163715751158964,0.7628193579278497,1.612333601387577,-0.3720514215787555,-0.5001715165362366,round_2,phase2,18,1,D1_2,0
0.7468852155533073,-1.511269904121538,-1.0780218996565003,-0.4791644881279863,5.363066517716572,-1.1416201828133232,-0.0352063663721691,-0.70348193031871,1.1003367685350354,1.03087004329233,0.6850436422612093,0.0218704407145768,0.660410756459968,round_2,phase1,18,1,D1_2,0
-0.78508673623165,3.406584569836368,-1.232825294587158,-0.4346254409314988,2.2521476212680978,-1.191319229151166,-3.2644582506976496,0.7315959138407614,1.2047238104621227,1.456597550071861,-0.6338599419202664,0.5753218898269145,0.0165667075126395,round_4,phase3,18,1,D1_2,0
-0.1666970204468672,1.7913915684357866,-0.0225040624575981,-0.6474786407148212,1.8375733321604864,-1.269790696137359,-1.8373884665833584,0.975533801288462,1.1187198581539497,0.9852819498061413,1.0244160960172384,1.1341449589958816,1.1422839630374344,round_4,phase2,18,1,D1_2,0
4.829807205215043,-0.475028747150698,-2.6163094359214116,1.3189564889268537,1.6340080543686832,-1.1529526190538812,-6.2055464956408795,0.2904835337531783,0.2764641689994642,0.8152457124689567,0.622554818985507,-0.1526432407741787,-0.4967001249610629,round_4,phase1,18,1,D1_2,0
0.6278486767942039,-1.577805242044191,-1.1108070658325837,0.1214724929395795,10.492275615787287,1.1372489338225706,-2.5196841128188825,-0.5263314858304958,0.792561259808619,0.0264871051228604,-1.4252240481682863,0.3523889335740749,-1.2121618226612416,round_1,phase3,18,1,D1_2,-1
6.219863544932091,0.78432799820117,0.1032093856783215,-1.252611714564077,9.098179244499594,-0.4256859224672032,0.3975454509712641,-0.1037313158667803,-0.5450095320507544,3.360310019025474,1.0112132574588375,1.2866687456120165,0.4206691347877521,round_1,phase2,18,1,D1_2,-1
0.34551441585709,-1.253920902793809,-0.7412210689500206,-2.422620546447224,7.677963568864344,2.3668821481515674,0.0475212634530383,-0.5408770992306337,0.9429644527056528,0.8557681562737162,-0.6870960000308333,-0.238577934334885,-0.4472480738483697,round_1,phase1,18,1,D1_2,-1
12.96050127554834,1.3103499607706273,1.8391565808078856,-2.007444945103578,-2.368674167078097,1.4983579565091747,0.1160543661292816,-0.2691968988752435,-1.2014210605187658,1.1021945756526486,-0.6351391386789933,2.2708800420958215,1.0750777268211935,round_3,phase3,19,1,D1_2,0
11.87428519199976,-0.0050063518872301,-0.141655585537123,-3.430550085445708,-4.46751540231522,0.5893807630693769,-0.0923010252063061,-0.6790764758694382,-0.8114875063785704,0.8945151170896125,-0.6383327927624346,-0.986114018570537,-0.4600981732976942,round_3,phase2,19,1,D1_2,0
12.732071064295743,0.0240189726464377,0.2000077233557735,-2.5996129085293633,-2.1327482311339145,0.2394845024481821,0.1848578237736269,0.2225671855207861,-0.2031085348437534,0.7976763987964188,0.8279955304351588,-0.6891213720261458,0.1851641312095484,round_3,phase1,19,1,D1_2,0
7.996071476976087,1.0612595041078583,-0.6691824696528135,-2.5129750212574056,1.0534791349846209,-0.6370011270043626,0.4382279267172923,-1.220507219706411,0.1502734956905554,1.047454614403352,-0.4205804740066911,0.2226384884873094,2.382089598345795,round_2,phase3,19,1,D1_2,0
9.025254680732347,2.551237957403875,1.7380885973401163,-1.854299593226864,-0.9213858159890248,2.324171722248942,0.1065105010608045,-1.1701178750247443,-3.1120985114307285,0.7882499094954515,-1.1108636260057392,1.6191463076813677,0.8267921405632495,round_2,phase2,19,1,D1_2,0
10.664626562223992,0.0463265591188917,1.9652592095110288,-2.1526001607940435,0.1719928740504945,-0.5679472348434487,-0.1959959495685691,-0.353414245222747,-1.9605159231031888,0.9298128612100844,-1.0533938408437644,0.3825540879883639,0.6616884557553392,round_2,phase1,19,1,D1_2,0
14.710255795618789,-1.0292461921028686,-0.4106425756027315,-3.461042578476341,-2.326949433057491,0.2683844551170234,-0.6970622011988823,-1.1584373479314989,-0.9944590055106396,0.919520068173412,2.495839742967184,0.5008791071999923,2.342614631504214,round_4,phase3,19,1,D1_2,0
8.779025971297159,4.5450439210976255,1.0728922827107374,-2.824414514509107,-1.4754739810695048,1.7410313746844943,0.2833775983729509,0.8579159967418506,-0.5952450657134012,0.6007664219280695,-2.966267053475846,1.606755395638804,0.2178341671689279,round_4,phase2,19,1,D1_2,-1
12.828477483150428,-0.4557057009132021,0.8349434859281427,-2.4201363101196884,-1.2617412644266082,0.6180686632602761,-0.2855873169598238,-0.9398050772507516,-0.1349484581473778,0.8030286025115387,-0.7323143488822621,0.3764765967691506,-0.0997275632758036,round_4,phase1,19,1,D1_2,0
8.63258337390767,-1.9043481498821735,1.198530224656849,-2.603527656252162,2.262923925425814,-0.380192095339225,0.1863275384391375,-0.9405985135174249,0.2855384657322549,0.9515540171205767,-0.7424693900725147,-0.0361693505321576,1.3229859052016786,round_1,phase3,19,1,D1_2,0
8.71787746100676,0.2174173575334332,1.71747325745598,-2.5601596642636726,2.2283170433047235,1.1212050110893048,0.8041457560681485,0.4945881892237872,0.4956371778283397,0.9992111796523686,-0.6135722515357384,-0.515149867720602,-0.954568403212559,round_1,phase2,19,1,D1_2,0
9.913049367242344,-1.1605078667780109,0.5822720910865559,-1.8443013181463488,4.493960417160015,-0.1910268603756039,-0.1429913728699123,-0.2609102434253413,0.9560190055831934,0.4936910507085731,0.5620546561963344,-0.3364127539404769,-0.7148088102189902,round_1,phase1,19,1,D1_2,0
0.9335513637874122,0.9671251749168748,-2.97025248401063,-0.9731341807477196,0.8528935370129485,-1.2765850797888234,-2.7173456365947404,-0.1082952054120277,1.2130138993463655,0.8709837573756268,-0.7537975051049302,-0.3228278900382738,-0.6432207214104091,round_3,phase3,20,0,D1_2,0
3.7469689933768864,-0.2152711290170568,-1.7603223617513757,-1.4890027499920138,0.1612067103543552,0.5282653265011312,-1.0058133009489132,-0.4569354923054173,-1.6317583389133894,0.9531082522158812,-1.767291921070206,1.0775060584031535,2.9282625702739415,round_3,phase2,20,0,D1_2,0
3.0734937803547635,-0.0900555192198099,-2.90816459851242,-1.7667790342990484,0.0270311683727056,0.7905733422627531,-0.0698168959717977,2.7361220893240796,0.1606290682616397,0.5955572472274696,7.511973842380227,-0.4741783149819941,-0.7077778392962992,round_3,phase1,20,0,D1_2,-1
0.9092749735493204,5.436306461007562,-1.320777223311691,0.3197185142634753,0.5960486511445017,-1.4992193685775992,-0.3123224316712801,0.6412520330998938,1.5422566579742387,0.7495518517060313,-0.4187868784330084,-2.649085569385083,-0.8325069978601519,round_2,phase3,20,0,D1_2,0
4.62345736421226,0.0353009607622449,-2.412264022365421,-1.4663803749513762,-0.0472773268760591,-0.2637903111232543,-0.7608145220290101,-0.6570422979744903,0.8591943091578481,0.2702116865751697,-1.06093460126076,0.5135341093878408,0.5061016472422112,round_2,phase2,20,0,D1_2,0
6.492389027885541,0.4717859816467297,-1.924374890739424,0.3656654157378788,-0.5541747419583065,-0.5155640322070177,-4.363236043056068,1.4976300126141775,1.5742225477566392,0.4564551207151341,3.338175743025181,-0.8317174458280767,-0.6896318480936745,round_2,phase1,20,0,D1_2,-1
1.5786801623114222,2.6743850376504947,-1.6420193758034556,-2.5514945418087573,1.1957745899436114,-0.5922379900596345,0.5786429176316732,-0.8863294231601023,1.1810809344126674,1.2536740040681378,-1.7655710604005916,-0.5776101085723157,-0.6025017484062322,round_4,phase3,20,0,D1_2,0
3.4693761664124523,1.8218336870616,-1.849241946888096,-1.1774021792716118,0.7309107455201034,-0.7486376190902683,-0.0863732883886202,-0.072677635475338,0.0257014466051709,0.5731666606088717,-0.5227542205223606,1.0608329616669827,-0.034831554096095,round_4,phase2,20,0,D1_2,0
2.53100934718661,0.0176112469998033,-2.8345301082213332,1.0229593449437098,0.2998638465976131,-1.0556520781739542,0.346623755505507,0.6377892881726565,1.3028505130218255,0.777201025236172,-0.7680502338030429,-0.6464908266552586,-0.2701076204070321,round_4,phase1,20,0,D1_2,0
3.335667277275988,-0.4371245704556361,-2.2145615096521,-2.258316820915873,1.9341551951601912,-0.594851698292054,-0.5068709460709734,-0.6224468418334244,1.472742080451135,0.1592694564766393,-1.7070313647159514,-0.5193079930547678,0.2788385407604448,round_1,phase3,20,0,D1_2,0
9.559847094422606,-1.498172349718193,-1.9310066088649596,-1.5487409557572522,-1.3398081293622903,-1.273346762857794,-0.233052802158493,0.1022649116876319,1.5915138037931538,-0.3965769616337565,-0.3687975864904776,-0.8020793419528996,0.9955678951892352,round_1,phase2,20,0,D1_2,-1
3.1979546426606817,1.6453964918539563,-0.8017322616922644,-2.0228828536812493,4.452535396816026,-0.2721351230438943,-0.962354833045303,0.6052649058388103,-0.320080320072011,0.1171413304513137,-1.2926620968835991,2.194343999149611,-0.7149304638959549,round_1,phase1,20,0,D1_2,0
-0.8581413883439625,-0.6365469855912279,-2.2907380328325213,2.060757917143871,-0.4447182719052159,0.3376885555277779,1.022289863637414,-0.2114587653673333,0.476708695612612,-1.0322838138860135,-1.5719577244225569,0.1208024596560365,1.21375532670556,round_3,phase3,21,1,D1_3,0
-1.710129950754231,-0.6340302295379234,-2.208931806277854,2.8446081046806344,-0.2018901887246902,-1.275646904762633,0.4479642520400698,1.4666811567137603,0.0376143403933584,-1.3593603245103807,0.6247165474303032,0.6476866205728062,-0.2672067005683841,round_3,phase2,21,1,D1_3,0
-1.3384545092046225,-0.0407715669524772,-1.1350851949526644,2.0308118973879337,-0.1302932801911867,-1.4700434557653077,-0.0812196852014511,0.4091909971591293,-1.0356751472097567,-0.6197984326600958,-0.3718446476760961,0.6694107707706469,-0.6776804952638807,round_3,phase1,21,1,D1_3,0
-0.6786283268291796,-0.877382854100428,-2.2639766167492756,0.2170566324285215,-0.0704100721503074,-0.6779055944972843,0.5163142521724245,-0.961651594684664,0.6770344375819626,-0.5392245931468149,0.6639351720462193,0.5897042981786533,0.841818610891724,round_2,phase3,21,1,D1_3,0
-1.1055533157735122,-0.8888415941843808,-2.966654924367513,1.491070494436018,0.3360732918772028,-1.1150894737412809,1.2103901590525812,0.464279777508885,1.163353532144353,-1.1530507482262118,0.3398288666376967,0.1252716449608477,-0.4041906760210901,round_2,phase2,21,1,D1_3,0
-1.07406634305253,-0.7716632322867252,-1.629924933691331,3.25525812082901,0.2874627226549704,-1.565727017807342,0.1615958085840271,-0.2366500424113136,0.545469486536203,-0.4837211912611369,1.4792463894312518,0.4580038034134408,-0.1272678022297813,round_2,phase1,21,1,D1_3,0
-1.419216416587903,-0.9530579937900436,-2.835691212725597,1.7941263267294385,-0.2881952481733865,-0.4487666824317667,0.4731598129203035,1.909711277066262,1.514611768054344,-3.481755701740465,-0.7255142999709034,-0.4016305493772633,0.4034641130205949,round_4,phase3,21,1,D1_3,0
-1.5803649952804537,-1.3091721782791652,-2.358299488505393,0.1112243208042133,0.0110318718812036,-1.339054743223132,-0.0329006411162143,-0.7277919854541993,-2.08230121487455,-1.105242235199681,0.9734464221600126,0.9500526992438436,-0.6743402275326623,round_4,phase2,21,1,D1_3,0
-0.4584026013787132,1.5605417324604585,-1.9717803957634887,-0.6708102264913635,0.7409075835690911,-0.954971987085262,-2.045107988557422,4.654404688516672,0.8111388248953304,-2.004682835251908,-0.2859243798446986,2.44716882334214,-0.0839763654980109,round_4,phase1,21,1,D1_3,-1
-0.2351329753406509,0.2810898988722775,-1.511451286916121,-0.6717551937468702,0.4051642768778926,-0.6352161538070932,0.1160207706417799,0.1966754905067927,1.3183436973965,-0.6703688783857784,-0.1156752192865598,0.6372781787029504,-0.0373848335377965,round_1,phase3,21,1,D1_3,0
-0.2331661145791967,-0.9483085490300937,-1.582441300533147,0.7989587542309446,-0.2231919974096208,-0.5523590943712758,0.7440294627605519,-0.3862329676940736,1.2056802438278402,-1.0867479641141138,-0.7025984972867669,-0.3686259969893999,-0.3950064137977827,round_1,phase2,21,1,D1_3,0
-0.3307374746647251,-0.7352931691325595,0.3632886682907435,-0.668934494829832,-0.100214636200246,0.3726812701247496,0.9270480206353676,-0.9464986958419735,0.4134514870102457,-0.2590979428135544,-0.6839925253829893,0.6428663433996652,-0.3871970839092856,round_1,phase1,21,1,D1_3,0
-0.795801086819317,-1.046008673024423,1.051112284003739,1.2973773587143802,-0.4411802678181343,-0.275290893512575,0.4727384773687421,-0.6096829842729712,0.7335121137006574,-0.7431791614650729,0.5954323836234453,1.2462394996392918,-1.00902346961766,round_3,phase3,22,0,D1_3,0
-1.2849404075110946,-0.7573817382744036,0.0376133226033508,0.8467316938407475,-0.1618746889050398,-1.4695002801998664,0.8093316647609912,-0.2950100961928459,1.185971168084306,-1.1058066116396852,0.0023208984157599,-1.0056798643751887,-0.9083650153153726,round_3,phase2,22,0,D1_3,0
-1.1955069579034223,-1.4904722686117076,0.964053962409204,1.4424320308538303,-0.378500192398242,-0.90142770678298,0.1301089909507148,-0.3538010952185547,1.173990165647857,-0.7160351637815376,0.8051842576104128,0.532029976778414,-0.5274657579223868,round_3,phase1,22,0,D1_3,0
0.7590172351087138,-0.6921929337837724,1.6441891016473689,1.845255081070178,-0.7611180888690597,-1.204645866426817,0.859589980381563,0.3816323097592067,0.9776714406475312,-0.4496201205707636,0.8761366380881247,0.2836742935542354,0.0896581669630347,round_2,phase3,22,0,D1_3,0
-1.0191116193849408,-2.420075530224253,1.4663874389410234,-0.4668081524863322,0.1282242902460563,-0.6927467058229551,0.6232915802515137,-0.3038555595364288,0.4399393506493648,-0.8734098142892244,-0.3489011997692706,-0.069416294565369,0.1718330937381772,round_2,phase2,22,0,D1_3,0
-1.0810961963074914,-1.4761221619660498,0.4186325065944098,-0.663665991734661,-0.4773231596958001,-1.0260368376455986,0.6322646149229927,-0.3795490314025201,1.1982609315980512,-0.4420541397132189,-0.6238267320150905,0.881937085919864,0.7148098360115395,round_2,phase1,22,0,D1_3,0
-1.401177227580662,-1.7104896709231618,-0.2485895267735227,-0.7136245631276702,-0.3885700225793254,-0.8880770119296453,0.6657352125584152,-0.8056853637414756,0.4558889933679845,-3.0955733085597856,0.0750685614914851,0.0041589786533465,-0.071188916122774,round_4,phase3,22,0,D1_3,0
-1.6689181113526073,-1.7837183784328368,1.039588965192316,0.8395237151466266,-0.3648404116336213,-0.641332045969425,0.9179261978931168,-0.3001575683001263,0.0497529910230328,-0.8016167048975998,0.7360983603801201,-0.1730762904171964,0.4449604238861236,round_4,phase2,22,0,D1_3,0
-1.2756632111526305,-0.3222034765063556,0.8887425727630995,1.7690507649125315,-0.3888310937725885,-1.4901546659852254,0.235403138545041,1.6570554881273611,0.8021323213764825,-1.5656620788568305,0.4885631413351815,0.9733174154484738,0.0825930075241305,round_4,phase1,22,0,D1_3,0
-0.6563057704381056,0.4311767989126452,2.15077993368193,0.475482203375411,0.0513832487225084,-0.975941568154038,0.0224420686989023,3.650323263126394,0.2172670535007472,-0.2509421661400248,0.3384847880626552,-0.1396086989298131,3.566311311449257,round_1,phase3,22,0,D1_3,0
-0.7385164001150937,-1.68766369629324,3.00833327978453,-0.4354765751222119,0.5994099580586498,-1.4028866836894909,0.6417055178485364,0.7942265089700319,1.0528188413281538,-0.3877669834633051,0.2494441347781639,-0.2332525935281316,-0.4020523352003603,round_1,phase2,22,0,D1_3,0
-0.5103086029004303,-1.5715068884011298,1.2134412155662329,-0.6080648529038705,0.1402237588756237,-1.405131476583557,0.6240450171748883,-0.7232050343553882,1.0454751409101968,0.1657426521764201,0.0646919877260152,0.4187051128365515,1.110269582321117,round_1,phase1,22,0,D1_3,0
-1.3805341678217036,0.2018235636872836,4.43034412137119,0.8794809568194675,-0.7410342727328812,-0.6051698085016601,1.0569871880898276,0.2912836172557406,-0.3524441176669173,0.3306944799795408,-1.3861849389072929,2.8051973092761595,0.5753994962016752,round_3,phase3,23,0,D1_3,0
-1.3746965550195531,0.6950683733342444,3.3014888297773624,0.3281187331383415,-0.3938300958815067,-0.3318900774724976,0.3008179578947302,-0.116930745652756,0.5606269273816715,0.0325126003543002,1.8459207200097736,0.6836072699849681,0.2080753608292141,round_3,phase2,23,0,D1_3,0
-1.2796833371221827,2.379653304616798,3.8726862496101737,2.0900252732579254,-0.5532441134905824,-1.0261307808396,0.6709365271756211,-0.9520299119759794,0.8868155384435443,0.2775239941698948,-0.4985083913271434,2.324404528685197,-0.1190844565895355,round_3,phase1,23,0,D1_3,0
-0.9822306578374111,1.2745931450709531,2.4574019519117196,-0.8168576068274701,-0.0942214809555385,-0.9921705847064808,0.9287771075513594,-1.4768978464083231,0.3581472574716005,0.3300653008169245,0.452576899699811,1.4113226258394764,1.2583017787369557,round_2,phase3,23,0,D1_3,0
-1.7357356852126635,-0.3704459874040515,2.64562365211892,-0.7201639321469895,-0.4669230912074973,2.0966900756837155,0.875684097431065,4.426099333650374,1.3421861610527266,-0.5222066230987114,0.4731020964922772,3.3517041101703713,-1.1982946362917737,round_2,phase2,23,0,D1_3,-1
-1.3572732181535172,3.037382501971644,2.696943280667084,1.517148572162828,-0.752438976904969,-0.178613048660658,0.6532917971891835,-1.511638329332057,0.5076627188506638,0.0305237804425453,-0.5379507141607288,1.6447004489757968,-0.8722644592243255,round_2,phase1,23,0,D1_3,0
-1.4577233209093508,1.3770211413111144,6.060827131980278,0.1846510471477715,-0.3346054505448886,-0.812681677348813,0.6300370853549309,0.7466911973074715,-0.2384799344228116,-1.9652374583111865,0.2974353505773301,-0.3425182969972891,-0.2308265930281189,round_4,phase3,23,0,D1_3,0
-1.6224260338723262,3.350277336071254,4.04479856784401,0.2290120361377736,-0.8148796437972858,-0.838995551020155,-3.3051610787322514,-0.5083391607835988,-0.7167730542038852,0.2587379608676571,-0.4696436412855435,1.4641733283385667,-0.3405333200065464,round_4,phase2,23,0,D1_3,0
-1.7243051143119017,2.0690511530476554,0.3508228019953376,3.0188619748946173,-0.5851664467946787,0.9435321768604752,-9.188269666173028,-1.1495817327743687,0.5142494574928569,-1.1495942591450476,-0.3627182387041225,1.2598725501137986,-0.3834137779589002,round_4,phase1,23,0,D1_3,-1
-1.2124960262784603,-0.1446415717390046,5.061541685742145,1.2840918739109008,-0.3662524693090646,0.026252969534477,0.5732877160272175,-0.4945079591628719,0.8842140835679533,0.0730961465153486,1.0927257493474802,2.177585977464485,-0.5735010102837381,round_1,phase3,23,0,D1_3,0
-0.1304915268727093,0.5200372162575425,2.8747533598676114,1.6499847788413335,-0.2294671833926629,3.048570694923012,0.5816804080076612,-0.8828626715151353,-2.1184499126531757,-0.6206846582806997,2.210000769213231,1.094860819526269,4.5049100014716545,round_1,phase2,23,0,D1_3,-1
-1.1165551536980127,3.1419517308974787,2.8578412365204175,0.9915093405189908,-0.7740931692067553,0.6154285042710781,0.5167931090782629,-0.0155979923595606,0.0566847301834979,-0.012292127468503,-0.7897533390737219,-0.0606017455704339,-0.3671818478585611,round_1,phase1,23,0,D1_3,0
-1.6348717868495517,-0.5959032247498582,-0.8578164795232238,1.6745863855266323,-0.8325603941454203,-1.5082167419936408,0.8683395557732344,-0.4313263762286404,0.443832903301516,-1.660914780048141,0.0076855556120717,0.3894785525160429,0.1572218310827507,round_3,phase3,24,1,D1_3,0
-1.4938829406296037,-0.8557919358483667,-1.0803265523367749,-0.5107551126073617,-1.0693245092962895,-1.6480484207152306,0.8853828188396434,-0.0083010298627123,1.0742293286472244,-1.8039029278622885,-0.8579293734049853,-0.0003377761881819,-0.9451511076381506,round_3,phase2,24,1,D1_3,0
-0.6309866935595317,-0.159484950040402,-0.9394645024814408,-1.018553351475811,-0.497839714040601,-1.3286260290812584,0.0434845493781814,-0.2410906976360347,0.6813474292827453,-1.283399647323131,0.2658104526849807,0.7082721433597571,0.0500293303008974,round_3,phase1,24,1,D1_3,0
-1.5798660372883473,-0.2410328886132646,-0.6571300670089019,1.402749891656092,-0.6755264709179357,-1.243989335071004,0.7313341018143422,-0.8108422831328547,1.3721389233865289,-1.1936127277627342,1.0306724907317633,0.0948236779283543,-0.3459225429762173,round_2,phase3,24,1,D1_3,0
-1.179665022017168,-0.8478327434683858,-1.0691644513264984,4.494750647533748,-0.8811805111735252,-1.516887573505338,1.0779678659838383,-0.9959883179744,0.8903961651946053,-1.5095949257977488,0.0312449881069387,1.109135473523862,-0.4694834323991063,round_2,phase2,24,1,D1_3,0
-0.7117414414655493,-1.1144826804017949,-1.2385115230617003,1.7293027380819748,-0.5828041593688433,0.4780546333847152,0.6047509107335575,-0.535322141121948,0.0719279779780863,-1.0698885693606544,0.2060848460723467,0.7900343373070499,-0.0147050219177541,round_2,phase1,24,1,D1_3,0
-1.7521220865669536,0.6459027248980128,-1.634535434309547,-0.5013056224323773,-0.4523920196078759,-1.2136845844946142,0.1253278398890362,0.4763196640821082,1.0080700977752923,-3.963808582747801,2.261226916329578,-0.523534001688817,-0.9801453770561834,round_4,phase3,24,1,D1_3,0
-1.7609818182676535,-1.2425784650584264,-2.0389907806842373,0.6186358823413038,-1.115988687584664,-1.0233474055088587,0.2541636424358146,1.025042752481811,0.90170624522497,-1.9291469727700137,-1.529669184514936,1.273624284455822,1.8089990243520824,round_4,phase2,24,1,D1_3,0
-1.4446679327607963,0.917438365891538,-1.9296992612539463,2.1155007150877636,-0.9416747718876896,-1.2632862571838597,0.8131947818404753,-0.7095853080578841,0.2247308563087357,-2.216833102693622,-0.6759275721893758,3.545203697911165,-0.3925332713113396,round_4,phase1,24,1,D1_3,0
-1.2235884633900136,-0.7859188647462034,0.4481267681767917,-1.227041144111152,-0.2672433909295255,-1.2575608714601698,0.0777399382886692,-0.9285623433280892,1.377193196996401,-1.2328117478659764,0.7396106605396587,0.5980359851699993,-0.5289660491734651,round_1,phase3,24,1,D1_3,0
-1.563178645636777,-0.1411639138534598,0.9983976995662662,1.401292220492759,-0.1860921256900662,-1.0092239786041364,1.0334920181636569,-0.4849659063779724,1.851173390160548,-1.502227297828158,2.443521749258649,-0.476561374476896,-0.8450444559582114,round_1,phase2,24,1,D1_3,0
-1.2771163514707486,-1.140492094806193,-0.2212038499366117,-0.3343589620370655,-0.4737257556064589,-1.587930982927441,0.7644467239559313,-0.7308355321130385,0.7821521265105713,-0.9227961769994616,0.1968582070287294,0.5386375608611398,-0.711919538589738,round_1,phase1,24,1,D1_3,0
1.563590696724357,3.686562803395021,-0.338850993766659,-0.2812398490589363,-1.201105019095769,-1.03034689307011,0.2908642109545169,0.080177009987569,1.248480630663081,-0.690883656014954,-1.176041521101714,-0.7118184890864416,-0.7501011738745087,round_3,phase3,25,0,D1_5,0
1.3324773397343943,3.4210231678462057,-1.3497456140582809,-1.5727763754935986,-0.7714802776155867,0.3013453313970992,0.1198400089011628,0.5330233222738421,0.927648778878618,-1.3789844425888826,5.302631765247905,1.2892334586539254,-0.5113366449477217,round_3,phase2,25,0,D1_5,-1
-0.238274641726637,-0.7744764189511163,-0.9815872616821004,-1.880354676844973,-0.5498994778002931,-1.0285255350885951,0.7947503412799957,-0.8373541306319159,1.0492623224455853,-2.534706203208448,0.6539274294568476,0.5749714575654402,0.8116232539814059,round_3,phase1,25,0,D1_5,0
1.3287878881350663,0.2574965736428462,-1.14955445347865,-0.1443855017325784,-1.0527970479666724,-0.1492266309942689,-2.111921995346276,-0.563500678999935,1.155160407859549,-1.04426045524356,-0.8152064925333039,1.6356355798603506,-1.083839575401384,round_2,phase3,25,0,D1_5,0
-0.4623808098277335,5.611660326262383,0.5056816350793423,0.5437532321354971,-0.0794470473220971,0.2566775373442406,-0.1812838116620876,0.5307660540090487,0.3008965864135403,-1.4091376332153909,1.4051256045657523,2.379874349120892,-0.7487812270321205,round_2,phase2,25,0,D1_5,0
-0.8650232788790735,-0.0464918097398772,-1.4670514015358609,-2.3786039894717455,-0.7195875301081422,-1.430206980478283,0.703945817188774,-0.4528828745096241,0.4088657940902908,-1.1772403447660178,-0.4444310635779653,0.9769138999760908,0.4562338942591382,round_2,phase1,25,0,D1_5,0
1.0388636188746556,1.1378751189218017,0.6584240910252097,-2.09965921666591,-0.8676593047211805,-0.4616859153417666,-1.9284720333282357,-0.5603897826750116,-0.1643009795014063,-0.6274051577915633,-0.698523453906206,3.578912917266572,1.3535541949612455,round_4,phase3,25,0,D1_5,0
-0.97310163720792,2.6936360433394024,-0.5669429373574355,-0.0786376538384254,-0.383872081162493,0.2961796784039514,0.8901751207297649,-0.404774215727255,-0.3964407506446912,-0.8894907263555317,0.1287921920268417,1.8609370470954232,0.0211714564944965,round_4,phase2,25,0,D1_5,0
-0.3068648670798871,1.5502403171715944,-0.8245053598335014,-0.7702146702587387,-0.9518129478306492,-1.048161201699603,0.4076099016874632,-0.1719125757647709,1.0861694341351802,-0.8162855094334859,-1.0471261656007804,0.0032617565215905,-0.3993456149853708,round_4,phase1,25,0,D1_5,0
0.7386471087077794,-0.3135955604951327,-1.5223216129440222,-1.4275062633741984,-0.9057990690702036,-0.6346336670574492,0.3985068880113908,-0.5045337932253955,0.3489989097102105,-1.9495283269683552,-0.9967381453494376,1.9366139983933857,0.9227646580307052,round_1,phase3,25,0,D1_5,0
-0.7199297351810783,1.3232140912344474,-2.42453352597239,0.6554017851288294,-0.1789287453797567,-0.6949185134245935,0.3423050385964722,0.2631303189561548,1.2466914473374562,-1.3766515075168044,1.4305560534460338,0.3652435287676522,-0.1942147479491484,round_1,phase2,25,0,D1_5,0
0.6821791020202265,-0.4621057226708718,-2.06052117246362,-0.2806192802178237,-0.2281940252341311,-1.074760168443538,0.5485721717948124,-1.0056620347254597,0.5088271534826087,-2.3317889140460952,3.6677048532691057,0.1539732144562209,-0.1958243029489242,round_1,phase1,25,0,D1_5,0
0.3948805772379148,1.7740795323767409,5.616556663674377,0.4569758881839263,-0.8862337338646347,-0.9256763137586668,0.1908786783919255,-0.4562279468392448,-0.6522773608040058,-0.2607111942627994,-1.438012903124257,2.362686875252155,-0.0059229412794983,round_3,phase3,26,1,D1_5,0
-0.9101607881462124,1.185776332651827,5.503613916847624,2.616089610667055,-0.4858822597544422,3.807750584436711,0.8493510633125437,-0.7801655151555432,0.4482680282215276,-0.8595690856766469,0.8695455305469533,-0.7047573162867719,-1.5036795448958886,round_3,phase2,26,1,D1_5,0
-0.7935711436740788,3.037491299315602,4.492440126463012,0.8444391908486975,-0.5838011061040503,-1.4099271809145353,0.1453279818673478,-0.6884355276274235,0.2577425023927795,-2.584205644649487,-0.8046230862015354,-0.4755370385498836,-0.8971192646377185,round_3,phase1,26,1,D1_5,0
-0.3606055739447706,-0.7790671602024112,3.996338271479774,0.3893360689386217,-0.8412122081982538,0.1942265014631551,1.001782415413944,-0.7462666720050981,0.0604490457951293,-0.5960578720541532,-0.5565881014191785,1.9670026191822425,-0.8996107764562588,round_2,phase3,26,1,D1_5,0
0.4271439726589893,1.2496046849334794,3.1831873023243,-1.8956537298417824,-0.188810694891774,-0.3932364136071055,-0.1470239735183248,-0.6438398329713929,0.743590125133614,-1.2750022286546503,-0.6682791547545311,-0.7226064575433874,-0.5619637802116281,round_2,phase2,26,1,D1_5,0
-0.8758984952340856,0.3130282544933542,4.924007597099763,1.426708575447513,-0.9581067190148488,1.8179514100638905,0.939672221243911,-0.6367706294950388,1.3579621394376584,-0.9566591654170316,-0.6261721533578625,1.9446743177042156,-0.8921168638473143,round_2,phase1,26,1,D1_5,0
-0.8144017130516293,-0.9644385439249602,2.578960828091867,-1.337201386767835,-0.9172721680769598,0.3595995004965472,1.0846897402163724,-0.3821845910745975,0.6758378547515334,-0.8465533820270621,0.0013196721022937,0.4960709188028869,-0.7664610505641296,round_4,phase3,26,1,D1_5,0
-0.2539149232236757,0.4227217258795119,0.6989032036819857,-0.2173253276775539,-0.3931074204234328,-0.925481559985842,0.8895248724281151,-0.6953091955020919,0.1238289866650597,-1.2399757005084815,-0.0650842532802221,0.0790236614178509,0.0520511474219213,round_4,phase2,26,1,D1_5,0
-0.79855981400342,1.285030706073052,2.652939030862192,-1.0838074008262526,-0.583029256330437,0.4201747400134416,0.6947938810767267,-1.0959433321251,0.1225641543600439,-0.7185756603433562,-0.7559404746148921,2.049647099197057,0.4654227683675841,round_4,phase1,26,1,D1_5,0
-0.2958592875386386,1.469017703656471,3.6969335139769774,-0.2059605108605208,-0.6198972596262248,0.4380087760049451,0.5415008153030197,-0.2433059615765274,-0.665460739485206,-2.243207933532489,0.1043934450931612,2.4283082001152656,-0.8992257090417709,round_1,phase3,26,1,D1_5,0
-0.4131402417173854,3.75143824792209,1.8076159751223908,-1.336313239494438,-0.5357408349123732,1.4137443893570305,1.0249760074890952,-1.460207359631299,-1.6259683053970626,-1.2116159271128868,-0.791538637468802,1.9134618779891208,1.4524719562591015,round_1,phase2,26,1,D1_5,0
-1.346134895486091,-0.3093936662349856,2.119018074023913,-0.0725884144106847,-0.7151511889292382,0.6844948085855455,0.3522767951631367,-1.0170191485051328,0.4332962303024332,-2.27101272274993,-0.2150837936334273,0.6346682314587523,-0.2967983814475389,round_1,phase1,26,1,D1_5,0
