UMAP1,UMAP2,UMAP3,UMAP4,UMAP5,UMAP6,UMAP7,UMAP8,UMAP9,UMAP10,Round,Phase,Individual,Puzzler,Cohort
9.200372,1.5413113,5.926174,2.9921153,7.483189,4.361438,0.8484605,9.7423525,2.183589,0.2010018,round_3,phase3,1,1,D1_4
9.339097,2.1045158,5.6895804,3.0461118,7.6838245,4.8843,1.1456095,9.986337,2.4858937,0.27212536,round_3,phase2,1,1,D1_4
9.316383,2.1111615,5.6419883,3.127347,7.6833477,4.8649564,1.1735076,10.038146,2.5565047,0.33196238,round_3,phase1,1,1,D1_4
9.184419,1.5433265,6.0052443,2.48994,8.3202715,3.8219638,0.62822497,10.193933,1.4184079,0.22894296,round_2,phase3,1,1,D1_4
9.308458,2.0750732,5.6743956,3.0507574,7.657456,4.8681316,1.1802976,9.970507,2.605727,0.29763043,round_2,phase2,1,1,D1_4
8.98271,0.9595111,6.1544585,2.5185795,8.35056,3.3033159,0.57636565,10.297586,1.2792022,0.028497444,round_2,phase1,1,1,D1_4
9.002385,1.9461085,5.828935,1.987959,7.8016553,4.813466,0.7351102,9.692823,2.1148794,0.13522737,round_4,phase3,1,1,D1_4
9.0876465,2.0329835,5.414498,3.6504703,7.809136,4.6040454,1.3313203,10.445437,2.826534,0.6427804,round_4,phase2,1,1,D1_4
9.274879,1.9369235,5.8042035,2.7485116,7.58952,4.756446,0.9779109,9.753979,2.352147,0.22207028,round_4,phase1,1,1,D1_4
9.2350855,1.6427215,5.943254,2.9053698,7.5392456,4.455851,0.9577496,9.653673,2.29986,0.21650195,round_1,phase3,1,1,D1_4
9.324654,1.9410737,5.7876906,3.0615697,7.5524974,4.7808285,0.96760696,9.892199,2.2634463,0.15784137,round_1,phase2,1,1,D1_4
9.23637,2.050405,5.6000853,3.26852,7.7405257,4.75325,1.2018737,10.176764,2.5711591,0.39459944,round_1,phase1,1,1,D1_4
8.949285,2.1797874,5.618549,1.8569467,7.7864885,4.7946568,0.44944155,9.627271,1.992698,0.512496,round_3,phase3,2,0,D1_4
8.789203,1.5771244,5.7737527,1.9735547,7.797654,4.585046,0.88027126,10.2206745,2.1959867,-0.2641392,round_3,phase2,2,0,D1_4
9.258721,2.0766258,5.679563,2.7420645,7.6010075,4.8252597,0.7635092,9.7047825,2.331563,0.58865637,round_3,phase1,2,0,D1_4
9.194398,2.1184566,5.6926217,2.399817,7.6283345,4.8606625,0.6632679,9.601794,2.2332206,0.5548531,round_2,phase3,2,0,D1_4
8.595414,1.572596,5.5997944,1.7814289,7.736407,4.5342956,0.81211066,10.30486,2.2985995,-0.0832042,round_2,phase2,2,0,D1_4
8.277044,0.3535249,5.8315725,2.7467222,7.6623693,3.2098308,0.6430157,10.243031,2.2218537,0.38973424,round_2,phase1,2,0,D1_4
9.247088,2.0507846,5.7151165,2.6611197,7.622142,4.803314,0.7399082,9.67157,2.2873707,0.54841226,round_4,phase3,2,0,D1_4
8.896057,2.1237948,5.5848904,1.7180148,7.688847,4.7946415,0.41047227,9.540157,2.0822704,0.5865555,round_4,phase2,2,0,D1_4
9.039673,2.30132,5.681677,1.8238381,7.9121327,4.8668838,0.52115995,9.570277,1.9456286,0.53151006,round_4,phase1,2,0,D1_4
8.407734,0.32051453,5.9371943,2.9154606,7.610353,3.1615307,0.6165407,10.122922,2.1105926,0.40984774,round_1,phase3,2,0,D1_4
9.157341,2.0918405,5.757184,2.2332907,7.8331523,4.7459645,0.55820733,9.653004,2.0024917,0.5057194,round_1,phase2,2,0,D1_4
9.045015,2.1615415,5.6873407,1.9142112,7.7403336,4.8845415,0.5461669,9.578954,2.0911975,0.43506017,round_1,phase1,2,0,D1_4
8.617204,0.29865348,6.255995,3.2820408,7.6330376,2.900183,0.58066195,9.746777,1.8114314,0.5853663,round_3,phase3,3,1,D1_4
8.504559,0.32983997,6.074503,3.0330925,7.677413,2.9885626,0.5418706,9.924623,1.9024956,0.56505054,round_3,phase2,3,1,D1_4
8.878972,0.9547415,6.508562,2.8553143,7.731733,4.0933757,1.037247,9.435829,2.0535998,-0.35990193,round_3,phase1,3,1,D1_4
9.049006,1.078477,6.324326,2.9835472,7.70278,3.9114537,0.94475716,9.540593,2.0264018,-0.038663376,round_2,phase3,3,1,D1_4
8.945945,1.1281422,6.110908,2.6194582,7.9091783,4.03138,1.0532598,10.241288,2.0713718,-0.45259103,round_2,phase2,3,1,D1_4
8.635378,0.26449937,6.2298164,3.187686,7.6758986,2.7908208,0.49266407,9.803614,1.6997448,0.5767262,round_2,phase1,3,1,D1_4
8.942739,0.9924121,6.4390955,2.9340973,7.7379727,4.0686746,1.0200306,9.494208,2.0455828,-0.28296053,round_4,phase3,3,1,D1_4
9.089043,2.0077171,5.7394633,2.143193,7.590024,4.805074,0.6796925,9.540895,2.2248633,0.44991317,round_4,phase2,3,1,D1_4
8.929084,1.0124482,6.481822,2.8837588,7.791274,4.1266737,0.9999145,9.4056225,1.9912391,-0.30288714,round_4,phase1,3,1,D1_4
9.007826,0.9766135,6.31197,3.0172975,7.725251,3.7824597,0.9230155,9.6454315,1.9858115,-0.031941745,round_1,phase3,3,1,D1_4
8.436523,0.38700378,6.0359364,3.391097,7.6275306,2.5644026,0.40128273,9.700622,1.7884674,1.2485076,round_1,phase2,3,1,D1_4
9.184526,1.7583112,5.9399133,2.3688102,8.311033,4.0198846,0.57642776,10.082936,1.4451168,0.3707403,round_1,phase1,3,1,D1_4
8.932533,1.6923587,5.676633,2.9998229,7.789631,4.0500317,0.55284303,10.06287,1.8152362,0.70726687,round_3,phase3,4,0,D1_4
8.571811,2.0939903,5.4871354,1.3224734,8.094672,4.4462657,0.4016356,9.784387,1.955662,0.81989413,round_3,phase2,4,0,D1_4
8.980444,2.3736289,5.6163507,1.7982647,8.0383835,4.8555655,0.56822246,9.688244,1.9722658,0.6149803,round_3,phase1,4,0,D1_4
8.955193,2.4943361,5.445329,2.0958571,8.055206,4.8405848,0.65024114,9.873272,2.0827677,0.835031,round_2,phase3,4,0,D1_4
8.801173,2.3502839,5.552237,1.4718789,8.139164,4.7078753,0.42841205,9.663857,1.8819112,0.7995789,round_2,phase2,4,0,D1_4
9.023365,2.2165136,5.731853,1.7881702,8.090425,4.7289376,0.516599,9.711458,1.8239969,0.4749515,round_2,phase1,4,0,D1_4
8.768491,2.579751,5.3614383,1.7042832,8.160836,4.7653575,0.48077992,9.7383175,2.0037837,1.1665511,round_4,phase3,4,0,D1_4
8.025778,1.632166,5.3507442,0.741174,8.535033,3.8735256,0.4280779,10.451629,1.8493876,0.5665342,round_4,phase2,4,0,D1_4
8.921507,2.2866178,5.650405,1.6193367,8.108329,4.699827,0.47644854,9.66918,1.8415557,0.66240156,round_4,phase1,4,0,D1_4
9.010795,2.2398806,5.586082,1.9355999,7.6687264,4.902145,0.4689475,9.493416,2.1439347,0.7094036,round_1,phase3,4,0,D1_4
8.900635,2.3349593,5.6392584,1.5392686,8.119284,4.7547884,0.43901458,9.626649,1.8350564,0.6622827,round_1,phase2,4,0,D1_4
8.971388,2.169916,5.779077,1.6993781,8.093545,4.7641096,0.6004471,9.711257,1.87718,0.33397943,round_1,phase1,4,0,D1_4
8.832872,2.1603189,5.5255713,1.6785651,7.698304,4.7662954,0.42648247,9.525406,2.1265433,0.7866419,round_3,phase3,5,0,D1_6
8.691329,2.2294798,5.467494,1.4378204,7.949956,4.6447096,0.38650984,9.629764,2.0165172,0.9127434,round_3,phase2,5,0,D1_6
9.002417,2.0428464,5.6352463,2.0378153,7.472256,4.7577677,0.6621609,9.433145,2.303864,0.7322276,round_3,phase1,5,0,D1_6
8.340544,0.59091073,5.7392473,2.7806885,7.6456594,3.372115,0.538418,10.035437,2.2240674,0.7326893,round_2,phase3,5,0,D1_6
8.341254,0.50819016,5.773603,2.8699577,7.6082463,3.2741137,0.5368329,10.0171385,2.2190695,0.760831,round_2,phase2,5,0,D1_6
8.807459,2.473294,5.3043537,2.081314,7.9871154,4.721439,0.6118255,9.844829,2.2081296,1.2289892,round_2,phase1,5,0,D1_6
8.165431,1.8069913,5.3589506,0.7626974,8.427377,4.104031,0.36018646,10.227266,1.8426368,0.65945405,round_4,phase3,5,0,D1_6
8.983638,1.9950727,5.61815,2.0733783,7.3801465,4.752539,0.69219506,9.411313,2.380494,0.75887346,round_4,phase2,5,0,D1_6
8.385148,0.54235464,5.8036838,2.7982347,7.68176,3.3838797,0.5953854,10.112422,2.1718733,0.5568827,round_4,phase1,5,0,D1_6
8.9864235,2.1257482,5.584827,2.0247505,7.5542006,4.8052163,0.54675865,9.474492,2.2309039,0.759109,round_1,phase3,5,0,D1_6
8.837566,2.07714,5.5824714,1.664468,7.6715407,4.6760983,0.5587725,9.438514,2.1863387,0.9006691,round_1,phase2,5,0,D1_6
8.906606,2.1020143,5.536859,1.9061325,7.4847765,4.7657638,0.5829626,9.414551,2.32436,0.9068299,round_1,phase1,5,0,D1_6
8.798561,2.45222,5.5228114,1.3279614,8.269274,4.733889,0.3288712,9.639026,1.7658079,0.87130576,round_3,phase3,6,1,D1_6
8.702602,2.570858,5.2136564,2.1133819,8.403368,4.5459275,0.76252466,10.299558,2.130056,1.2047197,round_3,phase2,6,1,D1_6
8.397057,0.107967936,6.023715,3.3847148,7.422658,2.4428902,0.25576138,9.565709,1.8584492,1.2774993,round_3,phase1,6,1,D1_6
8.766814,2.5120037,5.2674017,2.07558,8.080542,4.682126,0.6307699,9.926332,2.2021897,1.2855641,round_2,phase3,6,1,D1_6
8.68178,2.6023781,5.216264,1.996099,8.338682,4.5900574,0.6621281,10.136724,2.1251538,1.3344444,round_2,phase2,6,1,D1_6
8.705841,2.6522498,5.2794685,1.7395746,8.265288,4.721345,0.4993542,9.838426,2.0128536,1.2983366,round_2,phase1,6,1,D1_6
8.699147,2.5265312,5.3377576,1.6657782,8.251797,4.6831007,0.4900309,9.820398,1.9754648,1.1519418,round_4,phase3,6,1,D1_6
8.639148,2.6481678,5.214862,1.8688257,8.365377,4.628271,0.58086157,10.0240555,2.0917983,1.4026228,round_4,phase2,6,1,D1_6
8.740189,2.7142837,5.211817,1.9377553,8.307202,4.7326484,0.63547266,10.018063,2.0851996,1.3024607,round_4,phase1,6,1,D1_6
8.630695,2.5978725,5.226773,1.9008391,8.259271,4.58809,0.5251835,9.950073,2.1180766,1.4577609,round_1,phase3,6,1,D1_6
8.620615,2.6192286,5.243533,1.6442604,8.377776,4.6459775,0.5218766,9.94026,2.0086203,1.2994174,round_1,phase2,6,1,D1_6
8.702516,2.7664492,5.166713,1.81492,8.272993,4.7837358,0.573454,9.867809,2.0672407,1.4289498,round_1,phase1,6,1,D1_6
9.272057,1.6844965,5.979067,2.2931266,8.541775,3.8594496,0.72789496,10.566073,1.2685584,-0.17349881,round_3,phase3,7,1,D1_1
8.760227,1.2428378,5.8859715,2.7933128,7.832446,4.210873,1.167739,10.344084,2.431083,-0.21389909,round_3,phase2,7,1,D1_1
8.7989855,1.5650884,5.968929,1.9981803,7.9615874,4.5301175,0.86751455,9.925428,2.057527,-0.20195483,round_3,phase1,7,1,D1_1
9.157002,1.4977815,6.0415163,2.2756288,8.428786,3.831489,0.7815861,10.538065,1.3649765,-0.33945963,round_2,phase3,7,1,D1_1
8.817052,1.1192645,6.044737,2.6315022,7.876023,4.104457,1.1008418,10.265367,2.2234242,-0.41383904,round_2,phase2,7,1,D1_1
9.127061,1.6539072,5.9893255,2.1171176,8.661088,3.7898746,0.73836,10.54787,1.2457236,-0.11653362,round_2,phase1,7,1,D1_1
8.967907,1.9213518,5.717033,2.1816187,8.041316,4.617173,0.959405,10.283599,2.1417336,-0.06999461,round_4,phase3,7,1,D1_1
9.066097,1.9379588,5.7521896,2.2795582,7.8936734,4.738128,0.9533984,10.149878,2.2004097,-0.09504012,round_4,phase2,7,1,D1_1
8.892568,1.6167113,5.822294,2.109309,7.9562488,4.4828997,0.9536968,10.349213,2.1001854,-0.34248924,round_4,phase1,7,1,D1_1
9.193351,1.605149,6.0204616,2.1720364,8.6917715,3.7184877,0.6975266,10.56549,1.1730078,-0.14196557,round_1,phase3,7,1,D1_1
9.019734,1.365502,6.0820203,2.1099737,8.398524,3.8709466,0.8293059,10.446813,1.5083479,-0.42573828,round_1,phase2,7,1,D1_1
9.050914,1.2770399,6.072658,2.2140005,8.379046,3.6676354,0.7646113,10.645001,1.3236744,-0.49714747,round_1,phase1,7,1,D1_1
9.202506,1.7560768,5.8700213,2.9483602,7.7039423,4.818375,1.1582807,10.15869,2.34178,-0.2381811,round_3,phase3,8,0,D1_1
9.264665,1.9629431,5.737958,3.2221556,7.805646,4.901804,1.3850014,10.302519,2.5411284,0.006623247,round_3,phase2,8,0,D1_1
9.207186,2.0359812,5.5271325,3.5079613,7.7717934,4.7556047,1.3152533,10.391037,2.7103713,0.38586754,round_3,phase1,8,0,D1_1
9.235019,1.7860812,5.8685417,3.1593487,7.561283,4.606309,0.78843164,9.982493,1.8703991,-0.030802637,round_2,phase3,8,0,D1_1
9.243016,1.9337873,5.689041,3.2547057,7.7309885,4.8417773,1.3137531,10.31668,2.5803082,0.052051798,round_2,phase2,8,0,D1_1
9.1558275,1.6410861,5.965575,3.0097563,7.6438046,4.7218704,1.0073403,10.009606,2.1028118,-0.2689314,round_2,phase1,8,0,D1_1
9.2942705,1.9080126,5.7453537,3.1418831,7.6417246,4.891393,1.255739,10.243116,2.5257065,-0.067418665,round_4,phase3,8,0,D1_1
9.166298,1.6244841,5.921133,2.7879288,7.6090703,4.827775,1.1753691,10.167296,2.3777626,-0.4164294,round_4,phase2,8,0,D1_1
9.168681,1.7221209,5.842005,3.1727514,7.6750846,4.698518,1.0937817,10.151205,2.285388,-0.10160666,round_4,phase1,8,0,D1_1
8.656056,0.80559033,5.9474554,2.9261177,7.6602707,3.9119947,0.8101189,10.05038,2.161998,0.11959645,round_1,phase3,8,0,D1_1
8.6038,0.38621798,6.0446267,2.9256825,7.581023,3.3290925,0.7133814,10.1913595,2.0517359,0.0397507,round_1,phase2,8,0,D1_1
9.095268,1.7127637,5.7931786,2.6986907,7.8265886,4.619609,1.0883868,10.46704,2.1593823,-0.3676428,round_1,phase1,8,0,D1_1
8.805927,2.044524,5.6738176,1.8556108,8.516191,4.3020678,0.7823653,10.354594,1.7383964,0.2952335,round_3,phase3,9,1,D1_1
8.727398,2.2613647,5.356923,2.1784744,8.517772,4.3178277,0.9353243,10.686682,2.0400941,0.6552558,round_3,phase2,9,1,D1_1
8.739206,1.4989567,6.0553985,1.9868499,8.1586075,4.367926,0.8486355,9.894094,1.8724933,-0.17264438,round_3,phase1,9,1,D1_1
8.884209,2.2638247,5.485207,2.3111875,8.449717,4.402793,0.92206436,10.568884,1.9003093,0.5328748,round_2,phase3,9,1,D1_1
8.930177,1.9339943,5.8145485,1.875731,8.518945,4.228455,0.7397304,10.298587,1.585411,0.13634607,round_2,phase2,9,1,D1_1
8.898424,2.0843372,5.771747,1.8619921,8.443241,4.3969316,0.6892426,10.078964,1.6698515,0.36367905,round_2,phase1,9,1,D1_1
8.759053,2.203373,5.57734,2.013662,8.56216,4.2945232,0.7447176,10.275891,1.764069,0.68988156,round_4,phase3,9,1,D1_1
8.91197,2.4931343,5.383694,2.2664168,8.24146,4.707174,0.80432606,10.200556,2.0785658,0.8115857,round_4,phase2,9,1,D1_1
8.728374,2.2527773,5.3857403,2.2088833,8.478264,4.295947,0.89951104,10.610355,1.9867033,0.6937307,round_4,phase1,9,1,D1_1
8.288944,1.2597159,5.51931,1.6163713,7.9087048,4.099824,0.70033205,10.642894,2.1621,-0.060533177,round_1,phase3,9,1,D1_1
8.939183,1.7516901,5.8291426,1.9967358,8.417699,4.139362,0.7836214,10.5025215,1.5870137,-0.10592092,round_1,phase2,9,1,D1_1
9.219791,1.7496969,5.87268,3.0281212,7.6108603,4.4850917,0.6984764,10.074796,1.7009546,-0.12067917,round_1,phase1,9,1,D1_1
9.020612,1.5250005,5.9070582,2.5168107,7.655014,4.7175813,1.1083479,10.219402,2.3258824,-0.46369785,round_3,phase3,10,1,D1_1
8.957128,1.0416976,6.4456663,2.9293172,7.7751336,4.1716924,1.0287749,9.446223,2.017308,-0.31373686,round_3,phase2,10,1,D1_1
9.121279,1.5783911,5.9088345,2.8266308,7.642122,4.765537,1.2001213,10.240688,2.3904839,-0.42629838,round_3,phase1,10,1,D1_1
8.740541,0.4932723,6.10106,2.9793139,7.5623345,3.449008,0.79345334,10.1781225,2.0612903,-0.09907366,round_2,phase3,10,1,D1_1
9.072225,1.6493063,5.8231235,2.5217688,7.7727394,4.677189,1.0860115,10.441105,2.1924584,-0.48660395,round_2,phase2,10,1,D1_1
9.005295,1.2280675,6.0896044,2.9251564,7.7286544,4.384085,1.1424183,10.11382,2.233974,-0.41728556,round_2,phase1,10,1,D1_1
9.180946,1.6220431,5.861796,3.096344,7.718678,4.678425,1.2478687,10.321201,2.4243515,-0.23116882,round_4,phase3,10,1,D1_1
9.276925,1.8002502,5.8036637,3.0037222,7.65275,4.884346,1.2705393,10.313472,2.475818,-0.27212992,round_4,phase2,10,1,D1_1
8.8478775,0.59998226,6.1093082,3.0462554,7.630623,3.454421,0.76074016,10.150015,1.9480226,0.008095846,round_4,phase1,10,1,D1_1
8.937434,1.3314703,5.9140105,2.304882,7.8537903,4.3014,0.92577595,10.457,1.9830619,-0.53511703,round_1,phase3,10,1,D1_1
8.59485,0.24031684,6.1129203,3.1403198,7.5039473,3.0372818,0.61635876,10.019508,1.9653723,0.3166762,round_1,phase2,10,1,D1_1
8.758838,0.56852037,6.1113563,2.610473,7.749042,3.589415,0.7854745,10.393684,1.876146,-0.46552277,round_1,phase1,10,1,D1_1
9.188188,1.3674266,6.1219163,2.2861338,8.623735,3.539592,0.6276891,10.486478,1.0969338,-0.15581426,round_3,phase3,11,0,D1_1
8.770566,1.2592908,5.8702483,2.946555,7.9788957,4.1004133,1.3022457,10.504807,2.5193665,-0.21162148,round_3,phase2,11,0,D1_1
8.903898,1.5848179,5.944513,1.999441,7.7686787,4.6417403,0.8921148,9.924565,2.202439,-0.24304901,round_3,phase1,11,0,D1_1
9.2199955,1.3885747,6.1114893,2.340973,8.616997,3.5415409,0.623405,10.496279,1.089089,-0.12956032,round_2,phase3,11,0,D1_1
8.947075,0.8530078,6.15273,2.5284002,8.052504,3.627498,0.8272551,10.501602,1.6189525,-0.55857706,round_2,phase2,11,0,D1_1
8.805503,1.4009387,6.121164,2.2577252,7.96967,4.4589033,0.9037188,9.788843,1.9726421,-0.2545687,round_2,phase1,11,0,D1_1
8.810888,1.4560505,5.9561815,2.0253685,7.748064,4.549113,0.87267995,9.91269,2.2249985,-0.21621273,round_4,phase3,11,0,D1_1
8.715172,1.2695895,5.8034883,3.0790777,7.91573,4.145482,1.3542861,10.504815,2.6610227,-0.09421399,round_4,phase2,11,0,D1_1
9.365905,1.791366,5.926485,2.3809137,8.620381,3.8540525,0.6973215,10.627205,1.203768,-0.06589089,round_4,phase1,11,0,D1_1
9.058484,1.0667228,6.187072,2.3491595,8.451174,3.4217148,0.6352167,10.417939,1.2093074,-0.24073064,round_1,phase3,11,0,D1_1
8.794758,0.6818395,6.128548,2.875028,7.672405,3.657913,0.91769046,10.186907,2.1021714,-0.2560351,round_1,phase2,11,0,D1_1
8.996806,0.91715413,6.2085824,2.3889508,8.225727,3.550412,0.7470576,10.460686,1.4366568,-0.5205686,round_1,phase1,11,0,D1_1
8.735815,1.3308822,5.909714,2.1343548,7.9783206,4.3013687,1.0126785,10.366166,2.1519675,-0.45981908,round_3,phase3,12,0,D1_1
8.856984,2.2184021,5.4160023,2.6098206,8.344047,4.428036,1.0551912,10.600796,2.1981435,0.61462843,round_3,phase2,12,0,D1_1
8.825466,1.2094387,6.2820597,2.5244577,7.8990817,4.3435755,0.9680036,9.653269,1.9808134,-0.33541894,round_3,phase1,12,0,D1_1
8.7218685,1.055086,5.9426107,2.798304,7.822469,3.9467661,0.96997565,10.272492,2.1856282,-0.09712473,round_2,phase3,12,0,D1_1
8.896675,1.6905602,5.6693335,2.7817142,7.966542,3.9628046,0.5580363,10.150129,1.7830256,0.7462573,round_2,phase2,12,0,D1_1
8.775954,1.3003896,5.9144263,2.507205,8.118487,4.051682,1.159864,10.52359,2.2017174,-0.34993577,round_2,phase1,12,0,D1_1
9.091916,2.0535486,5.4488115,3.448738,7.960786,4.588413,1.3025167,10.590453,2.643151,0.4618991,round_4,phase3,12,0,D1_1
8.972055,1.5942649,5.991476,1.9644988,8.578066,3.890218,0.7396751,10.351386,1.4331819,-0.06424392,round_4,phase2,12,0,D1_1
8.644333,0.5989002,6.0864544,2.7908316,7.702977,3.548769,0.8534843,10.179292,2.09654,-0.1280265,round_4,phase1,12,0,D1_1
8.977325,1.2498693,6.0996504,2.036261,8.475796,3.6299932,0.74094945,10.56359,1.3149118,-0.4443922,round_1,phase3,12,0,D1_1
8.994944,1.1699314,6.150619,2.1209388,8.505198,3.5338545,0.6863152,10.462609,1.2551358,-0.33733913,round_1,phase2,12,0,D1_1
9.048317,1.0431614,6.1879373,2.3521063,8.256403,3.6571639,0.7873255,10.527945,1.4293736,-0.5892822,round_1,phase1,12,0,D1_1
8.895911,1.1858635,6.11738,2.8713908,7.7582383,4.320209,1.0565739,9.996044,2.147828,-0.35355428,round_3,phase3,13,1,D1_1
9.04186,1.5175852,6.0314417,2.9741268,7.721115,4.5761366,0.97540104,9.915617,2.0374537,-0.21692237,round_3,phase2,13,1,D1_1
9.081407,1.8778886,5.5885625,3.392173,7.82926,4.6356254,1.2964927,10.478528,2.6053483,0.26037246,round_3,phase1,13,1,D1_1
9.102531,1.4501032,5.9474936,2.7893834,7.926535,4.3059206,1.1803854,10.368296,2.2366416,-0.299029,round_2,phase3,13,1,D1_1
9.231893,1.8353193,5.9323845,2.6113403,8.112114,4.436637,0.83487886,10.07867,1.7863228,0.13931914,round_2,phase2,13,1,D1_1
8.671201,1.5187913,5.643844,1.9824322,7.6892676,4.5718465,0.92594296,10.381418,2.3632991,-0.22004265,round_2,phase1,13,1,D1_1
9.1378145,1.8229743,5.6809177,3.3253386,7.7993045,4.6896086,1.3489798,10.441849,2.5996494,0.073302284,round_4,phase3,13,1,D1_1
9.105658,1.9758388,5.8831363,2.152918,8.343651,4.3731403,0.71705145,10.075538,1.6222024,0.23734644,round_4,phase2,13,1,D1_1
9.05503,1.3044329,6.1017456,2.6672232,7.9428005,4.184213,1.1296508,10.261686,2.0848808,-0.5105259,round_4,phase1,13,1,D1_1
8.8293295,0.65819025,6.138074,2.6775496,7.8118305,3.6670146,0.8662432,10.370423,1.8757639,-0.48103857,round_1,phase3,13,1,D1_1
8.811692,0.6102447,6.1413474,2.586949,7.8218284,3.5846355,0.78949696,10.41885,1.7945911,-0.520717,round_1,phase2,13,1,D1_1
8.835845,1.4306704,5.9678245,2.0253818,8.100643,4.2913895,0.94484866,10.3172245,1.9465802,-0.4588098,round_1,phase1,13,1,D1_1
9.159415,2.014261,5.5062485,3.5380104,7.798623,4.707773,1.3356721,10.447146,2.7334538,0.40819374,round_3,phase3,14,0,D1_1
9.1807995,1.9351555,5.652952,3.4433284,7.828122,4.820043,1.4386959,10.423896,2.6612463,0.10807926,round_3,phase2,14,0,D1_1
9.246752,1.8295792,5.8224573,3.153967,7.517374,4.5428476,0.6661636,9.928951,1.7739573,0.08530356,round_3,phase1,14,0,D1_1
9.147557,1.345458,6.088343,2.5957768,8.033406,3.947276,0.87888974,10.354571,1.663199,-0.43181536,round_2,phase3,14,0,D1_1
8.60263,0.2457465,6.2089825,3.2524629,7.583135,2.8645408,0.5600259,9.825375,1.8254682,0.5542789,round_2,phase2,14,0,D1_1
9.026092,1.3385571,6.079097,2.425116,8.110679,4.118722,1.0551151,10.360369,1.9316372,-0.5171518,round_2,phase1,14,0,D1_1
9.10189,1.9798917,5.456199,3.6511407,7.8529797,4.6200895,1.3420274,10.530868,2.7763636,0.5930914,round_4,phase3,14,0,D1_1
9.061113,1.5397682,5.8269877,3.3427627,7.765719,4.510837,1.2053307,10.306921,2.372844,-0.0040201247,round_4,phase2,14,0,D1_1
8.938142,1.4144552,5.951329,2.5673633,7.923351,4.392756,1.1527005,10.37773,2.2216125,-0.48200917,round_4,phase1,14,0,D1_1
8.695799,0.4979549,6.0907,2.6024902,7.6816754,3.5282633,0.7491781,10.383145,1.9272192,-0.41127175,round_1,phase3,14,0,D1_1
9.170227,1.7647815,5.8318048,3.1055908,7.585686,4.4661446,0.64959407,10.018823,1.6983267,0.015304429,round_1,phase2,14,0,D1_1
8.975576,1.0684005,5.9153914,3.3310623,7.488851,3.90346,0.91842085,10.058282,2.2972372,0.2517741,round_1,phase1,14,0,D1_1
8.595073,1.8101046,5.606265,1.5557077,8.631276,3.9580216,0.7388191,10.619474,1.6951014,0.21245904,round_3,phase3,15,1,D1_2
7.9993677,1.6064409,5.270811,1.4917498,8.066223,4.016203,0.6733452,10.545018,2.2677517,0.66095084,round_3,phase2,15,1,D1_2
7.8045816,1.8487442,5.159004,0.5649839,8.613027,3.4938104,0.600465,10.751514,1.9481198,0.78603673,round_3,phase1,15,1,D1_2
7.464563,1.3907056,5.0574064,0.26864752,8.5363455,3.560809,0.38850662,10.84889,2.0072072,0.67788655,round_2,phase3,15,1,D1_2
7.546611,1.4003284,5.109546,0.17278181,8.667927,3.782832,0.25708526,10.753142,1.8507353,0.60196424,round_2,phase2,15,1,D1_2
9.043471,1.3971206,6.090158,1.9522972,8.675995,3.6318343,0.6644954,10.490174,1.1786598,-0.24908008,round_2,phase1,15,1,D1_2
7.346848,1.6527766,4.839287,0.19313891,8.613204,3.4751115,0.47524178,11.0063925,2.221756,0.91257715,round_4,phase3,15,1,D1_2
7.402911,1.3804442,5.0519476,0.021186098,8.661407,3.57594,0.3006618,10.800126,1.9054855,0.73788506,round_4,phase2,15,1,D1_2
7.5132713,1.3308649,5.12347,0.13837935,8.660478,3.7187579,0.25304806,10.750087,1.8435721,0.61393076,round_4,phase1,15,1,D1_2
7.257706,1.4384403,4.880641,-0.047224127,8.664118,3.5683424,0.31329796,10.952286,2.0535371,0.7795028,round_1,phase3,15,1,D1_2
7.367577,1.3391767,4.98977,-0.04977049,8.733097,3.7540226,0.18112575,10.862362,1.8647186,0.66446054,round_1,phase2,15,1,D1_2
7.4919505,1.3932784,5.0561333,0.08549468,8.69791,3.8297255,0.20003459,10.766806,1.8467946,0.6050646,round_1,phase1,15,1,D1_2
8.641548,2.407731,5.212724,2.2413445,8.499408,4.3603325,0.9098029,10.6445265,2.1556013,1.002168,round_3,phase3,16,0,D1_2
7.922074,1.2836568,5.2870793,1.3079497,8.062035,3.9168167,0.61421573,10.743758,2.2605288,0.30269864,round_3,phase2,16,0,D1_2
8.484917,2.0685098,5.2813845,1.9524735,8.527104,4.056227,0.84824693,10.808918,2.0476656,0.6839936,round_3,phase1,16,0,D1_2
8.514305,2.388291,5.1548505,2.0730429,8.528527,4.2693048,0.84605914,10.65655,2.1517131,1.0952933,round_2,phase3,16,0,D1_2
7.7623773,1.7266364,5.0080304,1.0759574,8.579661,3.6973553,0.6332176,11.062478,2.2835693,0.70231235,round_2,phase2,16,0,D1_2
8.6281,2.2034633,5.269658,2.1941886,8.565373,4.223811,0.9673307,10.8483,2.1318774,0.669761,round_2,phase1,16,0,D1_2
8.407753,1.780862,5.3534575,1.958306,8.297839,3.9124115,0.7174437,10.648401,2.0342515,0.6717991,round_4,phase3,16,0,D1_2
8.499131,1.7776906,5.3903375,2.1073556,7.9359217,4.2699366,0.620759,10.294133,2.2101672,0.5538255,round_4,phase2,16,0,D1_2
7.9778113,1.8005462,5.1534266,1.1381747,8.484072,3.7480817,0.6858303,10.796971,2.0573874,0.8166261,round_4,phase1,16,0,D1_2
7.5147557,1.7911775,4.8914337,0.38480052,8.585315,3.547608,0.5241373,10.925282,2.2523024,0.93766814,round_1,phase3,16,0,D1_2
7.6994376,1.8824911,5.022552,0.5165924,8.63507,3.54091,0.58649534,10.8700485,2.0834866,0.85396105,round_1,phase2,16,0,D1_2
7.744953,1.6962274,5.0391736,0.89596653,8.551728,3.6984608,0.5800057,10.927334,2.1832373,0.75867546,round_1,phase1,16,0,D1_2
8.508636,1.8237331,5.5447836,1.457633,8.647526,3.9212964,0.7195933,10.646899,1.7334201,0.28526,round_3,phase3,17,0,D1_2
7.9227395,1.5222524,5.1951604,1.5508454,8.135881,3.9290946,0.6397431,10.632421,2.2694063,0.7597484,round_3,phase2,17,0,D1_2
7.822321,1.8791436,5.14027,0.60012496,8.6221285,3.5327282,0.617379,10.772206,1.9723206,0.7988512,round_3,phase1,17,0,D1_2
8.101412,1.6143767,5.3830624,0.7957931,8.663268,3.8784637,0.44489548,10.606286,1.7471081,0.45028594,round_2,phase3,17,0,D1_2
7.680069,1.7005239,5.139723,0.4305599,8.563187,3.3950667,0.56146574,10.7450905,1.9837984,0.82314855,round_2,phase2,17,0,D1_2
7.8457923,1.8145213,5.0177317,1.2667747,8.605438,3.6498206,0.6958165,11.097603,2.304255,0.75730366,round_2,phase1,17,0,D1_2
8.033594,1.8591403,5.2139745,0.99683046,8.660671,3.762692,0.64916825,10.8313675,2.0333428,0.60726345,round_4,phase3,17,0,D1_2
7.9270353,1.4298724,5.246974,1.3232329,8.0733185,3.9728224,0.6264998,10.679085,2.2710018,0.44800395,round_4,phase2,17,0,D1_2
7.904067,1.6978122,5.1499557,1.1486894,8.589291,3.66539,0.65326667,10.948835,2.1908426,0.6230646,round_4,phase1,17,0,D1_2
7.3450418,1.6494132,4.828191,0.14285432,8.61705,3.5130484,0.4248079,10.986205,2.2299156,0.9042238,round_1,phase3,17,0,D1_2
7.499603,1.792846,4.909799,0.26996273,8.530206,3.5367475,0.49607655,10.794009,2.2385395,1.0139948,round_1,phase2,17,0,D1_2
8.064272,1.6972983,5.367756,0.87479407,8.60677,3.7584171,0.54159784,10.558447,1.8827895,0.53523976,round_1,phase1,17,0,D1_2
8.645735,2.2424877,5.2976937,2.0828745,8.552017,4.3147535,0.915639,10.776704,2.087925,0.6131902,round_3,phase3,18,1,D1_2
9.075308,1.5383655,6.0312037,1.9337571,8.735916,3.7258863,0.6897411,10.52666,1.194588,-0.19301681,round_3,phase2,18,1,D1_2
9.2162485,1.525539,6.0620837,2.258895,8.691371,3.6272337,0.6698561,10.556005,1.1149688,-0.13610376,round_3,phase1,18,1,D1_2
8.554181,2.2133682,5.206327,2.117825,8.599377,4.212935,0.95285624,10.902757,2.178314,0.7088008,round_2,phase3,18,1,D1_2
7.663073,1.3107535,5.1013784,0.96415293,8.445091,3.7384124,0.492334,10.937375,2.2088716,0.5222805,round_2,phase2,18,1,D1_2
7.5642133,1.4277667,4.993164,0.6450459,8.582208,3.8217363,0.38659132,10.968655,2.1198044,0.59559166,round_2,phase1,18,1,D1_2
7.7613807,1.0849085,5.270206,1.1998048,8.2816,3.6678777,0.53121996,10.804232,2.2170665,0.3945973,round_4,phase3,18,1,D1_2
7.734541,1.1774651,5.2050743,1.1312875,8.323073,3.7153141,0.5280775,10.840155,2.2317128,0.45278975,round_4,phase2,18,1,D1_2
7.568572,1.3695306,5.0751,0.68356067,8.34844,3.6078107,0.5036821,10.8878145,2.201581,0.6254784,round_4,phase1,18,1,D1_2
7.3744926,1.3357296,4.9932647,0.1197281,8.676879,3.814791,0.22203358,10.890718,1.9334077,0.58248985,round_1,phase3,18,1,D1_2
7.241365,1.3372717,4.8987145,-0.10350367,8.686724,3.6341307,0.2333147,10.941823,1.9942307,0.71274054,round_1,phase2,18,1,D1_2
7.399831,1.3019209,4.961457,0.18351355,8.702504,3.8881438,0.18626168,10.93873,1.9462315,0.52395797,round_1,phase1,18,1,D1_2
6.8936234,1.557703,4.6604657,-0.76127476,8.725727,3.3032007,0.44162497,10.946919,2.2327445,1.121287,round_3,phase3,19,1,D1_2
6.929848,1.4675751,4.713535,-0.73859346,8.682677,3.272453,0.4263145,10.852294,2.2309253,1.2076895,round_3,phase2,19,1,D1_2
6.9575706,1.4564427,4.733822,-0.68375397,8.69089,3.2908902,0.4060556,10.888828,2.2174969,1.1606184,round_3,phase1,19,1,D1_2
7.0360055,1.5312568,4.7428365,-0.45058474,8.714257,3.3734865,0.43593696,10.953039,2.1682255,1.0481833,round_2,phase3,19,1,D1_2
6.940521,1.5229903,4.692117,-0.67111695,8.685854,3.2989674,0.45338184,10.911429,2.2233043,1.1184258,round_2,phase2,19,1,D1_2
6.961409,1.5718676,4.673195,-0.56800413,8.733599,3.3704166,0.43884885,10.984003,2.2109175,1.0744796,round_2,phase1,19,1,D1_2
6.9154387,1.3954796,4.743513,-0.7899225,8.682915,3.2658107,0.4011962,10.7868185,2.2265193,1.2740984,round_4,phase3,19,1,D1_2
6.9879804,1.4815195,4.744179,-0.6290982,8.6651745,3.282525,0.43027425,10.876646,2.2097673,1.1190016,round_4,phase2,19,1,D1_2
6.905743,1.5414866,4.658809,-0.6949508,8.730739,3.3374794,0.43711844,10.945721,2.199835,1.1362929,round_4,phase1,19,1,D1_2
7.1194754,1.5523275,4.7148867,-0.27749726,8.68727,3.4870112,0.31990027,11.0145235,2.2118204,0.94635093,round_1,phase3,19,1,D1_2
7.1035333,1.5766608,4.6753244,-0.30903977,8.61247,3.4107847,0.31195763,10.988315,2.3254995,1.017695,round_1,phase2,19,1,D1_2
7.019547,1.5009357,4.6853786,-0.4466087,8.687065,3.4296522,0.31876153,10.970081,2.235838,0.998895,round_1,phase1,19,1,D1_2
7.7221127,1.2319236,5.244614,0.92417824,8.42525,3.5719154,0.52349246,10.79018,2.1346521,0.5048991,round_3,phase3,20,0,D1_2
7.395529,1.4449342,5.022378,0.16250059,8.560208,3.3568947,0.466678,10.828086,2.0696354,0.8700796,round_3,phase2,20,0,D1_2
7.8316135,1.8351834,5.001392,1.3175794,8.632933,3.6091228,0.7246756,11.147924,2.321082,0.7709473,round_3,phase1,20,0,D1_2
8.203637,0.47334003,5.7019796,2.757478,7.716923,3.278845,0.6506545,10.281832,2.3194764,0.60926425,round_2,phase3,20,0,D1_2
7.4268484,1.5341481,5.00038,0.16457325,8.599353,3.363612,0.50987995,10.862674,2.066385,0.8944062,round_2,phase2,20,0,D1_2
7.654731,1.7006842,4.9719343,0.86824334,8.561773,3.597522,0.60952604,11.055156,2.2949533,0.7633089,round_2,phase1,20,0,D1_2
7.785703,1.3773518,5.283661,0.63886374,8.539906,3.6242595,0.43813553,10.639281,1.9349794,0.5606085,round_4,phase3,20,0,D1_2
7.492636,1.4301529,5.0784597,0.33157346,8.532446,3.389083,0.48441488,10.805315,2.072098,0.802984,round_4,phase2,20,0,D1_2
7.83233,1.5444884,5.1614714,1.091428,8.355483,3.517412,0.6417222,10.76949,2.1085925,0.8905984,round_4,phase1,20,0,D1_2
7.4028554,1.3800241,5.064723,0.07181311,8.638112,3.508477,0.35294265,10.814681,1.9432865,0.753801,round_1,phase3,20,0,D1_2
7.1983113,1.6383187,4.7635403,-0.08470775,8.627241,3.3829646,0.45111907,11.008304,2.2611492,1.0119902,round_1,phase2,20,0,D1_2
7.359992,1.2669793,5.0638976,0.026116153,8.62138,3.6127176,0.2613543,10.8189535,1.9096221,0.6542178,round_1,phase1,20,0,D1_2
8.661022,1.7074195,5.3893995,3.7016153,7.823467,4.1992545,1.2346965,10.453812,2.893991,1.0149394,round_3,phase3,21,1,D1_3
8.762826,1.733964,5.393699,3.6098378,7.931522,4.2507873,1.3018123,10.597021,2.8338637,0.8009525,round_3,phase2,21,1,D1_3
8.736082,1.5664861,5.5410647,3.446438,7.9422374,4.2009997,1.3367496,10.583903,2.7760034,0.48191983,round_3,phase1,21,1,D1_3
8.349582,1.3969305,5.2671466,3.3470197,7.854117,3.8823445,1.0656294,10.512887,2.889749,1.2009865,round_2,phase3,21,1,D1_3
8.539537,1.5345926,5.2879624,3.5122244,7.8968935,4.020952,1.1718426,10.601538,2.8626475,1.0785027,round_2,phase2,21,1,D1_3
8.735904,1.763618,5.363083,3.4750817,8.030318,4.225395,1.3106563,10.699262,2.7874572,0.7620814,round_2,phase1,21,1,D1_3
8.58504,1.6253085,5.313206,3.646347,7.89937,4.130561,1.2546984,10.566471,2.9435427,1.0037193,round_4,phase3,21,1,D1_3
8.669216,1.405719,5.628242,3.3171673,7.9230533,4.108115,1.3235646,10.532653,2.7596662,0.34589115,round_4,phase2,21,1,D1_3
8.2113,1.2824882,5.343431,2.5745525,7.928396,3.779772,0.7711396,10.453613,2.5293472,0.9708347,round_4,phase1,21,1,D1_3
8.049718,1.1733718,5.270485,2.690124,7.9538436,3.6104338,0.7940843,10.483704,2.6597395,1.2031375,round_1,phase3,21,1,D1_3
8.478211,1.5537264,5.297397,3.531277,7.9022813,3.9901364,1.1541518,10.533723,2.8792565,1.1583471,round_1,phase2,21,1,D1_3
8.270825,1.2465454,5.523226,3.111618,8.081149,3.3313377,0.73020446,10.249859,2.258389,1.4573784,round_1,phase1,21,1,D1_3
8.659778,1.6929587,5.542809,3.4297936,8.2080765,3.5857897,0.9451415,10.3495245,2.1355174,1.4627061,round_3,phase3,22,0,D1_3
8.517433,1.6313713,5.4426622,3.5676942,8.070665,3.7351124,0.9961608,10.3839655,2.4818232,1.3931354,round_3,phase2,22,0,D1_3
8.594359,1.8303608,5.4431443,3.3886652,8.209482,3.7485106,0.9614369,10.369287,2.2528002,1.4906726,round_3,phase1,22,0,D1_3
8.592011,1.8495305,5.4269433,3.3362374,8.248017,3.7412367,0.97193044,10.417515,2.2504964,1.497042,round_2,phase3,22,0,D1_3
8.414235,1.8015168,5.438874,3.0050187,8.220847,3.7032154,0.697773,10.119888,2.109056,1.6209874,round_2,phase2,22,0,D1_3
8.424926,1.8686485,5.4404044,2.7768407,8.263369,3.8031497,0.6657531,10.103331,2.0617588,1.5189823,round_2,phase1,22,0,D1_3
8.275584,1.4230441,5.354013,3.4661295,8.044775,3.5927308,0.9450255,10.398564,2.6099794,1.533272,round_4,phase3,22,0,D1_3
8.466177,1.7128301,5.435831,3.3839521,8.140757,3.6742792,0.8552448,10.252613,2.2876875,1.581475,round_4,phase2,22,0,D1_3
8.686042,1.772929,5.477663,3.524752,8.113444,3.8153467,0.99417037,10.41035,2.2916152,1.3059123,round_4,phase1,22,0,D1_3
8.980114,1.7602603,5.691123,3.2159698,7.7049155,4.1234264,0.5532917,10.030582,1.7386904,0.6447728,round_1,phase3,22,0,D1_3
8.453611,1.7706974,5.4736176,3.050623,8.147608,3.635816,0.64433616,10.052863,2.033787,1.6604754,round_1,phase2,22,0,D1_3
8.414348,1.9292235,5.3910723,2.8010085,8.2028055,3.8154638,0.6190177,10.055119,2.0618978,1.6468445,round_1,phase1,22,0,D1_3
8.374755,0.041912835,6.1457367,3.5901873,7.4035873,2.42432,0.42050052,9.624358,1.9297469,1.3251128,round_3,phase3,23,0,D1_3
8.553933,0.68093807,5.9827867,3.550582,7.6981373,2.732224,0.49877056,9.758886,1.8027773,1.3907821,round_3,phase2,23,0,D1_3
8.367077,-0.01025225,6.1019864,3.491444,7.351234,2.3859863,0.3242205,9.572699,1.9074045,1.3030607,round_3,phase1,23,0,D1_3
8.383969,0.32791576,6.0768814,3.5091686,7.6220098,2.7338374,0.5714924,9.802894,1.9725479,1.1770488,round_2,phase3,23,0,D1_3
9.103768,1.7184387,5.855166,2.6497002,8.1636095,3.9455552,0.5490406,10.057743,1.5562059,0.6405524,round_2,phase2,23,0,D1_3
8.376149,0.10643434,6.0305986,3.2883887,7.434292,2.5315254,0.33991367,9.691562,1.8955816,1.0967396,round_2,phase1,23,0,D1_3
8.502534,0.33576873,6.118537,3.5420382,7.612621,2.4316893,0.35812944,9.597855,1.709364,1.3387022,round_4,phase3,23,0,D1_3
8.433151,0.0043299557,6.1614184,3.3623006,7.3841724,2.439261,0.36417887,9.659328,1.8219315,1.0340747,round_4,phase2,23,0,D1_3
8.225585,1.1900785,5.4976864,1.6058954,7.8677735,4.0576224,0.68451136,10.648842,2.2087846,-0.030850215,round_4,phase1,23,0,D1_3
8.36995,0.087400295,6.0977597,3.655878,7.424395,2.3929582,0.41920212,9.6001835,1.9044122,1.4698942,round_1,phase3,23,0,D1_3
8.517585,0.7450991,5.9771876,3.5831387,7.7609215,2.8067653,0.5694257,9.826811,1.8586665,1.3607352,round_1,phase2,23,0,D1_3
8.436092,0.16608226,6.0726314,3.3106792,7.4946704,2.6086116,0.4027673,9.732212,1.8730417,0.991639,round_1,phase1,23,0,D1_3
8.688502,1.6762741,5.4544544,3.7377598,7.954936,4.038024,1.2136697,10.460243,2.7065604,1.0554667,round_3,phase3,24,1,D1_3
8.289139,1.3528818,5.400606,3.4797764,7.9755545,3.6226108,0.9605272,10.375972,2.6608815,1.4066231,round_3,phase2,24,1,D1_3
8.208542,1.2997594,5.3564696,3.2812614,8.000114,3.534936,0.8851666,10.3949995,2.6027873,1.4649186,round_3,phase1,24,1,D1_3
8.57803,1.6616223,5.4070625,3.6239371,8.05793,3.8328016,1.0923833,10.471959,2.5538378,1.3262475,round_2,phase3,24,1,D1_3
8.920335,1.8683676,5.4188566,3.7434607,7.8956914,4.346673,1.3103642,10.5259695,2.7784328,0.83153963,round_2,phase2,24,1,D1_3
8.64513,1.6481028,5.352328,3.6215248,7.9046702,4.122703,1.2554331,10.560905,2.8777907,0.9906698,round_2,phase1,24,1,D1_3
8.419047,1.5520916,5.3589664,3.6010566,8.105899,3.6765528,1.0629101,10.492545,2.572403,1.4950594,round_4,phase3,24,1,D1_3
8.567654,1.6362625,5.386789,3.7542725,7.837626,4.102807,1.204417,10.413484,2.888871,1.1007322,round_4,phase2,24,1,D1_3
8.865978,1.6283339,5.558403,3.7585177,7.8179116,4.16502,1.2516307,10.418173,2.6929383,0.76685846,round_4,phase1,24,1,D1_3
8.297177,1.4424433,5.4112496,3.3333788,8.093132,3.506332,0.84623814,10.314394,2.408942,1.5712285,round_1,phase3,24,1,D1_3
8.560187,1.7090126,5.4222503,3.681763,8.162619,3.7019355,1.0499643,10.444927,2.4304285,1.5225636,round_1,phase2,24,1,D1_3
8.352422,1.4079949,5.453303,3.4669902,8.042354,3.5195174,0.91710705,10.358352,2.5087502,1.4773868,round_1,phase1,24,1,D1_3
8.147484,0.60480654,5.5868444,2.9127681,7.736631,3.2579436,0.65962553,10.265664,2.4269238,0.94992095,round_3,phase3,25,0,D1_5
7.8547473,1.7866609,5.0221295,1.4235762,8.60534,3.5690022,0.73138416,11.159144,2.3532243,0.75246644,round_3,phase2,25,0,D1_5
8.036464,1.1517631,5.2599096,3.239164,7.9471617,3.5013533,0.87314665,10.436375,2.7773712,1.5336636,round_3,phase1,25,0,D1_5
7.9203463,0.9779597,5.2779684,2.706293,7.9232287,3.4385607,0.75410324,10.475182,2.6906924,1.2758505,round_2,phase3,25,0,D1_5
8.313458,0.43292654,5.780393,3.0812871,7.600504,3.1077237,0.60470986,10.102967,2.263898,0.8393149,round_2,phase2,25,0,D1_5
7.9526377,0.96689075,5.291977,3.0901191,7.894716,3.4045184,0.800954,10.410499,2.7604444,1.4601214,round_2,phase1,25,0,D1_5
7.917583,0.91079307,5.318137,2.8025312,7.897737,3.3674698,0.74278766,10.423251,2.6788368,1.3359671,round_4,phase3,25,0,D1_5
8.248253,0.6385684,5.6495447,3.1431596,7.7113757,3.2070146,0.68971616,10.200714,2.3894477,1.0394666,round_4,phase2,25,0,D1_5
8.053124,0.81041396,5.4306545,3.0678816,7.823099,3.3084123,0.74401295,10.34363,2.6025786,1.2702501,round_4,phase1,25,0,D1_5
7.95332,1.0065857,5.276916,3.088807,7.9111395,3.4210079,0.8109454,10.422048,2.766481,1.479677,round_1,phase3,25,0,D1_5
8.323797,1.2922606,5.2658362,3.363284,7.864034,3.7583866,1.0314147,10.556317,2.8393657,1.2444361,round_1,phase2,25,0,D1_5
8.306999,1.3454758,5.2440176,3.3963506,7.9062524,3.7374885,1.0312579,10.558707,2.8296428,1.3492391,round_1,phase1,25,0,D1_5
8.41583,-0.0085570775,6.1750903,3.4783838,7.3898926,2.3972995,0.37262344,9.631814,1.8485074,1.1688368,round_3,phase3,26,1,D1_5
8.418238,0.16749367,6.097664,3.6261213,7.5018826,2.4667404,0.43461618,9.628508,1.8655505,1.3616097,round_3,phase2,26,1,D1_5
8.428214,0.16942777,6.1070375,3.3816168,7.506761,2.4598405,0.36454475,9.672186,1.7851194,1.1322322,round_3,phase1,26,1,D1_5
8.39256,0.23512189,6.097375,3.6094537,7.556941,2.523524,0.48573014,9.704716,1.9116219,1.3624837,round_2,phase3,26,1,D1_5
8.353916,0.38343376,6.0008154,3.4091015,7.658821,2.610999,0.46590772,9.776444,1.8859425,1.2868576,round_2,phase2,26,1,D1_5
8.436792,0.1253075,6.150201,3.6961606,7.454278,2.4099562,0.38942733,9.565616,1.8955603,1.4131588,round_2,phase1,26,1,D1_5
8.32476,0.38117665,6.0113406,3.5322835,7.6664076,2.634261,0.5325708,9.783542,1.9740546,1.4144685,round_4,phase3,26,1,D1_5
8.240161,1.1051693,5.505244,3.3211906,7.9520574,3.316533,0.77826977,10.268036,2.4139569,1.4445821,round_4,phase2,26,1,D1_5
8.348032,0.13435519,6.101379,3.5273323,7.5197825,2.625821,0.5391042,9.813457,2.0157535,1.1584219,round_4,phase1,26,1,D1_5
8.449141,0.20194058,6.1368675,3.4932606,7.546012,2.5313697,0.44716957,9.713983,1.852411,1.1651914,round_1,phase3,26,1,D1_5
8.446045,0.2321323,6.089007,3.306397,7.5866594,2.8470542,0.5806526,9.908902,1.987947,0.77826047,round_1,phase2,26,1,D1_5
8.330215,0.43272752,5.96328,3.5688875,7.6869407,2.6046612,0.51448286,9.799054,1.9680581,1.4719712,round_1,phase1,26,1,D1_5
