PC1,PC2,PC3,PC4,PC5,PC6,PC7,PC8,PC9,PC10,PC11,PC12,PC13,Round,Phase,Individual,Puzzler,Cohort
-1.926941480961848,0.8848427125562013,0.21534038233575806,-0.10894868132615357,-0.7016824758810258,-0.4135091725804693,-1.0009129287814462,-0.6678117115983562,-3.113777139346207,-1.529575222871017,0.731445390876611,1.8076297987173016,2.4518602413704347,round_3,phase3,1,1,D1_4
-2.049088670598035,-1.2995385094435397,-0.5398110076963264,2.060467746969315,-0.7493858296797324,0.8716532263192189,0.6890936872769438,0.33707688349970993,-0.4687557120355566,-1.5048362164756979,1.5271794195259838,-1.9350227942695049,-0.05953759556994497,round_3,phase2,1,1,D1_4
-1.5442765881431457,-0.9677424988194397,-0.03730060131828219,2.2979208547747416,-0.9101375819633597,-0.5117944793086685,0.4322654785930412,-0.6158845990371249,-0.5372231718574715,-2.0436372581769375,-0.5010962858281535,-0.9952323805042109,-0.09924626548337484,round_3,phase1,1,1,D1_4
-1.796817598864949,0.09355844825437981,0.894180098820952,0.9798444050201746,-1.0162295893337123,3.5445897198517904,0.6332191713932275,-0.8901404629148906,-0.46977001593759266,-1.4563996905269234,-0.7142635922615794,0.4445531214330019,-1.365957530159341,round_2,phase3,1,1,D1_4
-1.94172340132456,-1.2331952240887087,-1.260485684296138,2.4161171511265063,-1.0095756413506893,-0.9462223365929932,1.0036468326614887,-0.21553112006634823,-1.3474655677614102,-1.622629248476696,-0.06279977182058508,-1.1976601788617403,-0.9030639096693018,round_2,phase2,1,1,D1_4
-1.601281611641482,2.572058703280948,1.443364151471965,-0.06094539826050772,-0.9776517555421842,5.149518512290908,0.8536539184742066,2.5852325649122845,-1.4746539351820624,-1.4558032886520982,0.7429039261557502,-2.2720684957061255,0.9936480444791812,round_2,phase1,1,1,D1_4
-1.6073616306477254,-0.8040383941964749,-1.7013347778378403,-0.9351662287302475,-0.5616927769042594,0.19661580249309582,0.7648451645928748,-0.7170345351211138,0.20725645844705382,-1.1613749282693047,-0.02361610867672555,-1.094201483543158,-0.004421776729019492,round_4,phase3,1,1,D1_4
-2.0173094937410174,-0.5323612428579576,-0.5450331684571023,6.161289525884044,-1.0224551992026198,0.5110574767880921,-1.8448182110579199,-0.6095941382847097,-0.2779070178053931,-1.3616326301093356,-0.1666052681381177,0.29472479731522494,-0.015650771617721347,round_4,phase2,1,1,D1_4
-1.5677793417534553,-1.212696729307885,-0.7681736622655917,0.7108587182389322,-0.8642180638909753,0.13434059630294373,0.6831136825366104,-0.7008962125456805,-1.3213033256038624,-1.0571670192308342,0.1582552731695209,-0.757293173536303,-0.3808839579271448,round_4,phase1,1,1,D1_4
-1.9400168653625711,-0.5921814698213629,0.09728261326908125,-0.3137431614420085,-0.7990122551643457,1.0459278285445188,0.49555319540421083,-1.2305966325688418,-3.9231548636328,-1.6254042212665507,1.3936177562384127,-0.39912876174221423,0.04791666799371421,round_1,phase3,1,1,D1_4
-2.0314728014055916,-0.3151805161836335,-0.8483261862512316,1.62092278301074,-0.9404491963709891,1.5370771295750314,0.9889969658851853,1.3773950000952537,-1.4373591360783147,-1.7855838253975225,0.42550939944129396,-0.794622521170436,2.1380273431734933,round_1,phase2,1,1,D1_4
-2.0976412900500394,0.8731689980680001,0.7451766025021652,2.4755848156289306,-0.8729775170403791,-0.5925162694827398,-0.6071598855665645,0.18100162493069522,-0.20318985421661198,-1.49805573876436,1.147822256525851,0.08016233292421455,-0.4892039897174079,round_1,phase1,1,1,D1_4
-0.8808861276923058,-1.3484469588707437,-0.5709212128519997,-1.284503625502893,-0.5406708304916851,-0.8546531824220931,-0.11511458063469406,0.64545861075605,-0.3399682241865511,-0.9709543712548032,-1.2064629847517867,-0.4055123968791807,1.4880150078630308,round_3,phase3,2,0,D1_4
-1.3670265358696956,0.8561948785702127,-0.445407196931051,-0.6540801331599827,-0.5455759411641848,-1.0865972002973596,-2.222799219113811,-0.6314503719163456,-0.21376018874079977,-0.8566202797261819,0.9104940797988154,-1.2951843615112193,-1.3127397660518947,round_3,phase2,2,0,D1_4
-1.3109458616223206,-0.05180606046317814,-2.1120057889307517,0.941172597572069,-0.3191495626903123,-1.2988827103341571,0.4900447307297873,1.1879678470817814,0.5092823582068623,-1.5829371618815842,0.5343157470244463,-1.624702109217773,0.4429658774125838,round_3,phase1,2,0,D1_4
-1.2907374380280976,-0.6418763704861998,-1.86182968288564,0.14171863357317258,-0.2615575678693597,-1.2710126183308057,0.767117670203699,0.2890224121593241,0.29506277903073175,-0.49492881936148264,0.6030707235291027,-1.4975450118741667,-0.574764609661989,round_2,phase3,2,0,D1_4
-0.1615087880724618,-1.9923686828368374,-0.8849824153777472,0.03351668355941058,0.5177696978415769,-1.208836654811041,-2.81057889828246,0.0196045150004618,-0.8058450753098803,-0.3808310620108395,0.42593478375022065,-0.25099273816497814,-0.7037333421947732,round_2,phase2,2,0,D1_4
-0.27598368463334266,5.350437748740476,0.7274017147003727,-2.164397411837802,0.35023501625048564,-1.4446590445215686,0.4003318801513526,-0.4906880109994244,0.45830603815093995,-0.05083999893763202,-1.595597409270246,-1.6320101198165657,-0.2799920667210832,round_2,phase1,2,0,D1_4
-1.1376426328106006,-1.069547759570534,-2.036098723952581,0.8558285127856492,-0.6298450053310543,-1.1127574184241151,0.7686916976318642,2.0502911069854033,0.8544881215407754,-0.9307920283514133,1.0442546246094886,-1.4386680730574797,-0.4879229250245911,round_4,phase3,2,0,D1_4
-0.14809028871317875,-0.8231277819992743,-1.5990585232332555,-1.457057017828679,-0.21343796103185042,-0.6110291414177741,0.3975730051324904,-0.8195318446159131,-0.3882224967182618,-1.1323925439748423,-0.5569869866859449,0.19783565201354142,0.20086324320944593,round_4,phase2,2,0,D1_4
-1.2581781576777478,-1.6481077385285705,-1.218803702395924,-1.6850374076853778,-0.4427817621846568,-1.0206380394086731,0.5347910002368805,-0.8957408266136369,0.24666315918212767,-0.7194109391481609,-0.4830888703437055,-0.7790530487035239,0.5279926659586586,round_4,phase1,2,0,D1_4
-1.404962824668194,9.722155124125397,2.068458862941834,-1.546978228826155,-0.2509447452717609,-1.1472799849265822,0.20104858620911156,-0.23131987924247643,-0.1259830342348339,0.3763317336604487,-0.4670006796623154,-1.1005023970236667,-0.6299247443110092,round_1,phase3,2,0,D1_4
-1.385718775392097,-0.13185438422552628,-1.506693304667949,-0.4125538538130219,-0.27573652581312835,0.04720002109565636,1.0069548934680708,1.9008420973541855,0.4644623184354717,-0.15083830608401103,-0.2166464547240387,-0.04997758306206868,-0.5845595239687688,round_1,phase2,2,0,D1_4
-1.3979543843465103,-0.9929998862367124,-1.1906877410763892,-0.7994551589889015,-0.564871953002136,-1.0885512528731478,0.34333202964130666,-0.9967029521653621,0.06295534703640311,-0.13552939027124555,-0.4935694249517687,-0.6965503753056692,0.27445382184784634,round_1,phase1,2,0,D1_4
-1.333075192943148,2.8757117073952307,3.524605223553439,-2.052716513741716,-0.5812800275497314,1.0104606241616807,0.18950882985877154,-0.30401494311520294,-3.1268191781144945,-0.5759233350363206,-0.5278011600642933,1.1989476936596009,2.481155294664916,round_3,phase3,3,1,D1_4
-1.6382334797554687,3.4011754370222254,1.3906712292035637,-0.5566973098534559,-0.5563005112119461,2.6198607177319824,1.0527040535349859,-0.661528704961769,-1.0544226952210385,-0.06919257391373584,-0.3151053904794574,-1.7516631995393928,-0.13242050258560895,round_3,phase2,3,1,D1_4
-1.3764220285590731,0.16977325069262736,0.9891590507942569,-0.036153993351769394,-0.5295350511940434,-0.3918468008672127,0.5026632819854407,0.5760267004209979,-3.4245190607391893,-1.3390091531020927,-0.08559507301694032,1.8945195229695475,1.3711526432726484,round_3,phase1,3,1,D1_4
-1.4639227954488094,-0.4231437368575691,2.6589003618816576,-0.645204241205594,-0.7948236099271574,0.784938010643152,1.0757707848987808,-0.9716169332467516,-3.020884580442152,-0.43484831449039874,-0.05631967637725552,-0.11691784353442695,-0.6365151181267144,round_2,phase3,3,1,D1_4
-1.5238493883190665,1.5448669953495933,-0.8539823548328226,-0.5788203974239642,-0.492975217336713,1.8080828159526052,-0.628974894533439,0.2546779157372748,-3.3703425734859733,-0.44458517019480526,-0.6426261636154726,0.9276997004547171,-0.7562971966550001,round_2,phase2,3,1,D1_4
-1.0162242244988795,1.7361553875614073,6.449100976232046,-0.07253623741552295,-0.6006452248949106,5.495443824878154,0.24768068576271832,3.6380258669159358,-4.487404342883687,0.014511162652360896,0.06350886047651591,-1.1719082224633048,2.294521968261017,round_2,phase1,3,1,D1_4
-1.408423648275881,0.21279473800584506,1.4699088601052466,1.2551402839807844,-0.78665451529103,-0.6688940567383637,1.136202238600678,-1.343396285955384,-4.537873195881468,-0.5015247150793759,0.4582525554231572,0.977161145998513,0.3041239812368594,round_4,phase3,3,1,D1_4
-1.4659832192552509,-0.24546114149753262,-1.7326098580723845,-0.6016318359361799,-0.17384952353884559,0.5467634519780203,1.093086586386028,-0.45986661273015783,-0.45787398630072146,-0.9491304503396482,1.686955356824072,-0.6725726346517059,-0.15898769513604705,round_4,phase2,3,1,D1_4
-1.0719481625866216,0.2662060245054737,0.11656381705512915,0.2218848995233581,-0.7784907136573347,-0.7140786199619163,1.003893396054637,-1.3603388982790823,-2.738864347554919,-0.5151113587292496,-0.7785709557594538,-0.0902061305720994,1.0440713025884452,round_4,phase1,3,1,D1_4
-0.9906934867544865,0.31365408889485535,2.7377714290973025,-1.0397905362777318,-0.7829082246350284,0.7536294383071858,0.27372124163467804,-1.1410816229352556,-3.6602769246962326,-0.5012983189179794,-1.0958004845497755,-0.27592071719193617,-0.9950964657474547,round_1,phase3,3,1,D1_4
-1.4390504305218812,1.6166442548730597,4.7552991668982845,-1.532165050971895,-0.3613624420257241,-0.06233795243027095,0.07017841742229239,0.2182665798157904,1.4325026336847424,-0.7007282548803181,-0.06651914198806476,-2.8361344504078736,1.833291719936127,round_1,phase2,3,1,D1_4
-1.1446098147144406,0.5425738670551836,0.26978898463476336,-0.8768242715721233,-0.6881438387189578,2.661915246835264,0.8277509142112943,0.24086193981364387,0.15275684153260483,-1.2294216188637024,-0.7695369442363217,1.0060021308388816,-0.6696834471308357,round_1,phase1,3,1,D1_4
-0.32852457217479003,1.7159557558328855,0.213882981587249,0.9343510696989111,0.2615697204209367,-0.3810234599705269,0.4240113327212598,7.264370302602696,0.838038322422901,-1.0743802604008805,1.2347751489193142,-1.7051272957060346,2.064663681350759,round_3,phase3,4,0,D1_4
1.2989274200146594,0.029839363377021602,-0.00011264782262437425,-0.8671337804488859,0.4327585703102729,-0.5964395697232749,0.9359300397329877,-0.6543659445288239,0.15835589612412576,-0.7643899965172507,-0.16358357230532117,1.576436216705244,-0.08720332310631687,round_3,phase2,4,0,D1_4
-1.2378438948537125,-1.2503763446004645,0.2984159752017043,0.606041993106503,-0.240250325758849,-0.7285744951863241,0.3697478980328627,-0.6737012931288016,0.6527229072087252,-1.5375768555700613,-1.0338124029076836,-0.8513068902928134,0.2595823293785551,round_3,phase1,4,0,D1_4
-0.842232634480017,-1.8455027393265215,-0.14872311138262578,1.6937212257830054,-0.4803786613913685,-0.6051848532749827,0.648944133907779,-0.46234944189061966,0.5483660709483327,-0.7172493016956492,-1.3422332865191142,-1.0183845684531536,1.7758694656042662,round_2,phase3,4,0,D1_4
1.0718107943267483,-1.7053987757447222,0.9905563402490424,0.10331604018631287,-0.6182894267762876,-0.3858918420026021,0.578212665583173,-0.2472007528859449,0.6186140196079521,-0.5355742698499311,-1.0908417043052423,-1.3634932995109006,-0.90929130209243,round_2,phase2,4,0,D1_4
-1.285112241344588,-0.9600205707587487,0.3071210144652467,-1.373213229624154,-0.2925821376893942,-0.14600147047106488,0.44279000964883825,0.6584409187193556,0.8564275214500066,-0.7013653096076176,-0.47090233312050095,-1.0575347161147137,-0.6550807078653456,round_2,phase1,4,0,D1_4
0.14127519301728267,-1.7501371990579622,0.7133695050791057,-1.4165290386033527,0.714907079089297,-0.8880748605973461,0.37454799881073314,-0.8291155604717865,1.001276695654466,-0.19096178929569801,-0.17167738044379366,-0.9785202163358464,-0.5972906239791678,round_4,phase3,4,0,D1_4
1.8522185289015343,-0.030586418401967123,-0.7610250453174908,-2.3881693435927493,0.8900521371181908,0.4465891569591892,0.9880213490397913,-1.1976345695984363,0.8594142885056496,-0.7247679526670225,-2.445099527216107,-1.005982743666626,-0.36166216015371616,round_4,phase2,4,0,D1_4
-0.8835898269668517,-1.0668372904359,0.42565978718721337,-1.14971538612197,0.27331039693335074,-0.17394998934496364,0.757083298026653,-0.6642150828737302,0.7903891527776679,-0.33533302945767274,-0.8479897632333425,-0.7903965565949795,-0.5444153951661092,round_4,phase1,4,0,D1_4
-0.451549468898378,-0.02406063910527447,-0.8850081260349838,-0.4296872328531866,0.08748160645575774,-0.7993206357279651,0.6290745188297849,-1.6779703317466164,0.4288057931744488,-0.9128427052045627,-0.293131733473902,-1.545521205816735,1.0996882669731696,round_1,phase3,4,0,D1_4
-0.6602873742266646,-1.893444735000426,0.32301913920200664,-0.8280461634737549,-0.24885055843401188,-1.3150840173051916,1.0484096577270978,-0.4080801244192289,0.23405700631306556,-0.7790005503796482,-1.3572240119806527,-1.1608426545276942,-0.7727895170173561,round_1,phase2,4,0,D1_4
-1.502283783910128,-1.7216614560467383,0.2744191975253169,-0.9202160024929076,-0.717923249818509,-0.3446317817598358,0.4540768919309515,-0.8361292393233477,0.3878019590688179,-0.6528984399917538,-0.5042102350162422,-0.5470168706055268,-0.6999920268587847,round_1,phase1,4,0,D1_4
0.8940734492423389,-1.198630568687652,-1.1647514311791525,-0.6361493545833331,1.1490726042047394,-0.8868523487999388,0.13339798955290977,0.3423007199382847,-0.08227837078245137,-0.7181200951849556,-0.4374309062122703,-1.176216327410553,0.34054889551119893,round_3,phase3,5,0,D1_6
1.693943281474981,-0.4385438263357842,1.0849400426539355,-0.6256977635117476,0.668260156740321,-0.34400775140177986,0.6813696184264129,0.45573674381472457,-0.4824539471908067,-0.9530237492361195,0.5620631922452682,1.192709064044895,-0.17707085210564566,round_3,phase2,5,0,D1_6
-0.2671934049091899,-0.9320645519025199,-0.8874749342395943,0.570848396623938,1.2088584611389968,1.5705609628898372,-0.27382996505151924,-1.0354279412560647,0.13195169075810373,-0.6976747413386128,2.0794865603020143,-0.5208126386655874,-0.423598652021207,round_3,phase1,5,0,D1_6
0.0008541324512968511,3.1074050049588497,-1.2011092692116203,-0.583848602018005,0.9161836479321509,1.736913780727936,0.8018727925107775,0.3498990350189537,-0.8127849490157124,-1.1120044134990477,0.03892665096088688,-1.788049895398076,1.893829707694303,round_2,phase3,5,0,D1_6
0.39395844745725994,3.601008230726409,0.5361713401313941,0.9956273086023795,1.5895337318518477,1.18517807341581,0.5368749757265919,-0.008336038118260447,-0.2832765431850607,-1.5952760293089407,0.28436495479244495,-0.26621718110062176,-0.054701230502594185,round_2,phase2,5,0,D1_6
0.49931042678808224,1.5695114579688614,1.2350001823557422,2.756909839119373,0.8510002759696599,-0.6054237265346847,0.5789227183103199,-0.01678365305378452,0.1988556912013928,-0.5764110296361027,0.27308790035282676,1.309559609056961,2.3736489633756195,round_2,phase1,5,0,D1_6
3.527957571224503,-1.1312681891405347,-0.799366807631519,-1.732523250006163,1.985373185450273,-0.5146112222954684,0.8115183941814085,-0.5477590058546605,-1.1066397615705519,-1.340936320331025,-1.1523936518909719,-0.9528800411301838,-0.5566317243718261,round_4,phase3,5,0,D1_6
0.20126425244535806,-1.357312379573765,-1.0307674348287805,0.6084898723210692,1.088646997091917,1.1821685253392646,-1.041999000288798,-1.102346188510681,-3.0819632362638707,-1.173886227635645,2.3693915756401176,-0.6621888194599465,-0.5804847911338763,round_4,phase2,5,0,D1_6
-0.44394038131292113,4.352925158147098,0.7929204968305708,-0.10534632767856585,0.9066456008191458,0.038323593953010486,0.40029620378600295,2.193333051125551,0.66807296190377,-0.9106497162732659,0.12305205214167841,-2.913424735407439,0.32168323171857244,round_4,phase1,5,0,D1_6
-0.9132259413194102,-0.17190850024654078,-0.7164712684677877,0.11531245828601618,0.8775819465463505,0.06969558009111261,0.454933222905929,-0.37145951791515275,-0.7173639296907146,-1.1488883319992538,0.20189141126165422,-0.48712961571197,1.094065778545807,round_1,phase3,5,0,D1_6
0.3870485723149157,-1.9685136647120707,-0.17939359575849462,-1.3431969681032843,1.3890972128510923,1.8480492591244304,0.4718140712611021,-0.11545926899664131,0.6066314885369806,-1.1542152359132358,0.20093466624564613,-0.9484645025250622,-0.02418871904673007,round_1,phase2,5,0,D1_6
0.6167671770746618,-1.3355470375459826,-0.6730497156965313,0.21927056739669154,1.1496141286141643,0.3956651609425437,0.22254451675134615,-0.8935031601871488,0.1637688960469093,-1.3427976052863833,1.307001564756918,-1.0400590986958682,-0.03374753130061417,round_1,phase1,5,0,D1_6
1.7246698727131868,-1.5559698931978796,1.2010733345496654,-0.5363586251865986,1.120203468153016,-1.031418545251845,0.7634305948767292,-0.3161081690098671,0.7846088954448946,0.2161347858606374,-0.15137080121150415,-0.5059970384552706,0.1744739486532484,round_3,phase3,6,1,D1_6
-1.5419510277542572,-1.8440546634352026,1.1461868158983928,2.0601469938875794,0.9805735228752848,-0.7415696598650031,0.9974111644555856,-0.13235318627441622,1.2178451658176255,-0.2946340549992142,2.6393558843071783,-1.2454942362577228,-0.3744940301253335,round_3,phase2,6,1,D1_6
-0.6231340632508443,4.423933482433415,7.839023615508423,3.6413623816382605,0.702991003508976,-0.859116785006327,0.6597817441758266,-1.7259160956509219,1.172619103635216,0.9693482694188648,0.5542862908827909,-2.2405571055592293,-0.2755932997374684,round_3,phase1,6,1,D1_6
-0.15182322867853543,0.336956068500602,-0.21756694388859754,2.2812451638804365,0.5737949862519329,-1.002216269848379,1.0241142008863395,-1.3888130345507406,1.0533925672063476,0.10217686381252632,0.16670469304343202,0.41607805114609003,-0.6025669354896145,round_2,phase3,6,1,D1_6
-1.2243667118420412,-1.9911605806557007,0.7645726922794012,1.6357734492506415,0.8694088721561608,-0.9807779951973721,0.7481389252904014,-0.6160371019442623,1.0450514759805458,-0.45014021782461555,1.6135960329042969,-0.6888177830758081,-0.32793116651079607,round_2,phase2,6,1,D1_6
-0.36924447352388357,-1.921879842036627,1.559843734854695,0.3371447223577745,0.5843611937760128,-0.9564357518237513,0.6603393759743128,-0.5709460980818717,0.9737991034303473,0.3447669306880259,-0.21799242679732078,-0.5987711431636201,-0.24966561398541573,round_2,phase1,6,1,D1_6
-0.4844821157670057,-1.7678810795912914,1.2342608788498899,-0.17053498948659365,0.6955019441924948,-1.1863123226239263,0.6919043641487976,-0.6571774691559829,0.8198174713625924,0.06848989321724926,-0.27723720742213576,-0.5221092520978378,0.5241996095920292,round_4,phase3,6,1,D1_6
-0.8008553357567509,-2.5527913189480222,1.687588449888275,0.659922402141174,1.2948000206941621,-1.2011561252215903,0.29744037478153196,-0.2876589239924609,1.0494885833707017,-0.2326137175912241,1.3672848664263233,-1.0860446782629027,0.25089125860088546,round_4,phase2,6,1,D1_6
-0.43799906218310614,-1.8838087580063774,0.9308935861992784,0.3213876693088339,0.9837632556232103,-1.050730184573533,0.35551755404203633,-0.8778599506198317,0.577240734619855,0.0482166654264948,1.069647229161745,-0.686125497035009,2.1473578782637284,round_4,phase1,6,1,D1_6
0.5330759485756178,-2.015895871203827,2.1194222817252095,1.0246578513412652,0.301080234258786,-1.3054560209156634,0.9248688180843992,0.15963960608545555,0.9633672684532877,0.22566803351923861,1.161163176502618,-0.9302245128813738,0.10665556051576437,round_1,phase3,6,1,D1_6
0.29925654619904835,-2.282691434006575,2.4733197507674767,0.016619336785263943,1.805129764707418,-0.03597508764074396,-1.0406549962660705,-0.6176278629112991,1.089199135116611,0.1697261702345694,0.5525639827288027,-1.2929954929193863,-1.1825611559963147,round_1,phase2,6,1,D1_6
-0.3168519015967584,-1.9995570147555475,2.2672141723925345,-0.43767844567187664,0.3118026598397998,-0.5504180189998785,0.3840903257381576,-0.3682992794847307,0.8997214708360026,-0.13976497854939293,1.2074175638458269,-0.49477235937924385,0.4028014210992443,round_1,phase1,6,1,D1_6
-1.8244248240398702,-1.544555024332422,-0.024599392906300917,0.9247196616445691,-0.3307035607514578,3.428341780017017,-1.4043285329177606,-0.6264658124684185,-1.0705814392706727,0.47786497446020676,2.853998597105052,-0.46223387333772886,-0.5689478476046412,round_3,phase3,7,1,D1_1
-1.664720160996409,-1.0636867994919847,-1.8052089876956816,1.0194523955237116,-0.6496351521764842,-0.8020609203820614,-0.9296902098907699,1.9812752340706243,-1.7710142351165343,0.23828487726370443,0.21225394336521256,-1.1900664764461477,-0.9741985924414632,round_3,phase2,7,1,D1_1
-1.432435360660773,-0.8881187511589446,-0.7506609037635537,-1.005523870804406,-0.4768271860922249,-0.5761322936858166,0.15907093895363353,-0.22990491216131875,-0.08629378638926845,0.4517785908204628,0.4801021638250887,-0.36162040344424684,-0.1035792900856779,round_3,phase1,7,1,D1_1
-1.3211807227057033,-0.7874054501349982,0.2298116413173796,0.739620115232606,-0.6110815604275461,2.406695538466378,-0.34165659995195913,-0.7426713139083113,-1.6594614732403934,2.0567715223916823,-0.12359723648778152,0.03207519340270047,-0.15617248283638313,round_2,phase3,7,1,D1_1
-1.8415085554446222,-0.19544854782493926,-0.5195329478667319,-0.17963559834467782,-0.4019355824486147,-0.14787670135897563,-0.8459412810021597,0.7308742169363481,-2.122199007916326,0.7947081016603748,-0.6113338160408475,-0.031973039311380715,-1.2552089519091887,round_2,phase2,7,1,D1_1
-1.1249476450160425,-1.505082835416475,-0.5507522893380439,0.9039269368381877,-0.48851638805733655,2.950105885966911,0.6438961990447172,-0.06733119515963068,-0.7940051183554464,1.0381835062846867,-0.28528666856891327,-0.4546841365883436,-0.565835238093825,round_2,phase1,7,1,D1_1
-2.0432336351560063,-1.2213666531225271,-0.08552796036630397,-0.12382820139294763,-0.550737610591812,0.5222168888261791,-0.4332494793393905,-0.8437663966013013,-0.4047985088962712,0.22729415338815923,0.5508899221823979,-0.6097158203993293,0.1908283927365235,round_4,phase3,7,1,D1_1
-1.6844217062620719,-1.9722395250739602,-1.6089527848344916,-0.36943611317719866,-0.7045943123713998,-0.2086407204275394,0.5385254363588605,-0.3992539830161771,-0.1950650733667172,-0.10393370046816375,-0.32963529665589614,-0.8535053265485754,0.06861877039862535,round_4,phase2,7,1,D1_1
-1.53327954693776,-1.0561631867641041,-0.48470696642854016,-0.4556260897929531,-0.6772593607358834,-0.6408103870101942,-1.028930425307447,-0.6257912335976101,-0.2220146846920837,0.9744662590091742,-0.35168837448298373,-0.748367136965595,-0.5394673758391332,round_4,phase1,7,1,D1_1
-0.6985818288208729,-0.996347234461885,-0.9749159017499872,1.3371228343015686,-0.3364201993468254,3.0393734306320987,0.6121294890540022,0.3735765950322457,0.06940669721277504,1.055128361294698,-0.09256789929644062,-1.3322284207639,0.07320970168124513,round_1,phase3,7,1,D1_1
-1.386057472777625,-0.5750629417986535,-1.229548072991758,-1.2824165078947463,0.11182006503391029,2.2658375375854245,-0.47055861256633735,-0.9145054071164329,-1.5197694076033712,1.6086903435947815,-0.3797686481919054,-0.6819244536043984,-0.7080594783213588,round_1,phase2,7,1,D1_1
0.19638051447194552,-1.825334095650737,0.7924686294324009,0.1650602175707578,-0.07839857652273073,1.6842207025295395,-0.09824340634797862,-0.5832807459131357,-1.0740407388535667,4.542776245084866,1.0900876118649343,-0.5329378374157119,-0.4191668462327682,round_1,phase1,7,1,D1_1
-1.7144744860864567,-1.3926417409157208,-1.2352003133087779,-0.3338244175683824,-1.027754708318562,-0.6146704683488128,0.34901626127406277,-0.25446723002973815,0.9717925932081783,-1.1430374065106441,-0.9250563050813959,-0.6905234810474508,-1.065580843748584,round_3,phase3,8,0,D1_1
-1.9298261810860542,-1.345863484503126,-1.1476135273415071,1.5772597774597936,-1.0907712722529024,1.165554723070592,0.5623358449388092,-0.33863794561703375,0.3500795317331443,-1.0658460460400885,-0.7011945412688314,-0.2647451147832027,0.28918615133778863,round_3,phase2,8,0,D1_1
-1.470429545867081,1.8163786006196048,0.1403294975290748,3.8205407901417496,-1.100331056238146,-0.828924093798866,0.4881886250223891,1.0277991891761133,-0.11244417139203489,-0.8533348869097608,-0.704298430066069,-1.0557934709385164,0.7518806197346642,round_3,phase1,8,0,D1_1
-1.8733224996785873,-0.6003686714384437,-0.5918079108564446,-0.4741430640289215,-1.0307399416646086,-0.17551813671664082,0.5462617835280464,0.825738081723214,-0.7882287370513191,-0.6267291090221578,-0.3758720399845207,-0.6026576263668799,3.7397509545660386,round_2,phase3,8,0,D1_1
-1.8704608533026295,-0.621309098105702,-1.729393723854793,2.310007915798093,-0.9706502554365771,0.09889772110810018,0.5730356035257054,-0.5871825574408118,0.8683792097778967,-1.2927637072309894,0.03868613924163779,-1.30787004419819,-0.67882499319995,round_2,phase2,8,0,D1_1
-1.521408165143775,-0.6551548253663849,-0.7942206683876046,-0.5878677253158359,-1.0788285335431171,-0.7110667516624278,0.5909414957234826,1.3354094197989215,0.3975535931643356,-0.8403581082633809,-0.9174362174857463,-1.051462130064905,0.6154953292115504,round_2,phase1,8,0,D1_1
-1.7573283967805016,-1.907991662082474,-1.4815247386764205,1.0795746947464013,-0.8954496578253058,-0.0008699020430995949,0.7774464886996036,0.13674296359688448,0.9453534759537944,-0.8407313190945822,0.47469616949272925,-1.0682952390955256,0.11307749614952714,round_4,phase3,8,0,D1_1
-1.8332183016114416,-0.2716036379403895,-2.8926679336571715,-0.6723653002487009,-1.0240776821813797,-0.14784288719057836,0.47450435938782753,-0.46630687245666314,0.18846777047697438,-1.3700617719690529,-0.42004927709701395,-0.780204920767463,-0.6902306167514626,round_4,phase2,8,0,D1_1
-1.5450226830262,-0.5645751874222045,-1.263148525252548,0.8780833787273291,-1.0426985738858388,-0.788091129965315,0.4708755042241684,0.16601641989552454,0.07587032041092509,-0.7372865201985633,-0.43280847528413063,-0.6947132695347611,0.35066726531135994,round_4,phase1,8,0,D1_1
-1.815894270695476,2.8939704930670795,0.37388774037350325,-0.6496217501197151,-0.8653731462536276,-0.9687294601944725,0.8056998605556445,0.494460101654481,0.22726522744578437,-1.4106323121078452,0.3664837538739305,-2.0922778448863073,-0.21307344990412458,round_1,phase3,8,0,D1_1
-1.9844652515588306,4.854385387051515,-0.3184002485051962,-0.259515641650053,-1.0729327133949802,-0.39122242620969333,0.5355545387520807,0.27467159900772353,-0.27192135755146996,-0.31066621437667974,-0.5492418167484727,0.9723890321066474,0.9120955312311307,round_1,phase2,8,0,D1_1
-1.6937461841866792,-1.1886565514738234,-0.4711400565759347,2.0620314376721662,-1.2625284585877623,-0.8182557418770818,0.13100798670196614,-0.04484580179044139,0.02275611941752207,2.1853214961187737,-0.7284504564469522,-0.4894063399515737,0.04734205350243389,round_1,phase1,8,0,D1_1
-1.575581556299904,-1.298315818448166,0.9371046680279242,-0.012618686630214938,-0.5005307087359254,-0.3723943475922633,0.4652692705880527,-0.4819408164840709,1.0652294160696365,1.3134877906583378,-0.5737040654754612,-0.4942122751142254,-0.9573074718209421,round_3,phase3,9,1,D1_1
-1.8151960205784747,-0.06543102700397375,-0.22918033032779084,0.6457382482234538,-0.3938357328309002,-0.6791758888392598,0.7279312870360661,-0.280429910490303,1.4237906184922628,1.047880502669764,1.648082947696777,-0.9029401335050731,-0.7800211007992254,round_3,phase2,9,1,D1_1
-1.2699693394383935,0.29303243618786584,0.12114655809261902,-1.6810675029238864,-0.5851961521524343,-0.8493389908218132,0.614688585583155,-0.9517549899829518,0.9833499405753199,0.9240050313013374,-1.0323755770094167,-0.7958361683584791,-0.546593849821175,round_3,phase1,9,1,D1_1
-1.564257940804183,-1.6077730785739779,1.1887371431517608,2.8536823101572977,-0.5682746433046498,-0.1407574924276839,-0.16118439319487243,-0.39314681197809825,1.3006255479305735,2.1699593536206567,0.6291979724632505,-1.0511269331519748,-1.0315498150751905,round_2,phase3,9,1,D1_1
-1.8116834312203756,-1.4525851233870737,0.6811474543138271,-0.5540830983387212,-0.7349435086487057,0.5175659171957522,0.3891509361161615,-0.5969552433457535,1.4662826375390232,0.8593423573365137,-0.8631671625630264,-0.8182322662700899,-0.7696352406793969,round_2,phase2,9,1,D1_1
-1.3511196033122095,-1.585542960210741,0.7962538735834684,-1.7321420598411519,-0.7383319408457407,-0.23456262918643592,0.624034128732867,-0.585191105220499,0.7384614835176726,0.7240594153140865,-1.3248706156428742,-0.1884478627760964,0.1471044943013668,round_2,phase1,9,1,D1_1
-1.5503476198686506,-1.8734591703889636,1.5583599417354055,1.3526518694284129,-0.536404639818181,-1.1806618944046947,-0.14085563175318044,-0.4907540962038175,0.4884628486225039,1.5651175848082572,-0.9841929559814518,0.7072118631203228,-0.12084524093533149,round_4,phase3,9,1,D1_1
-1.7604600039127434,-0.3398794327659608,0.09722271518689983,1.4177453622538427,-0.5048543118387218,0.0017738274477208681,-0.02022166851032169,-1.0301065169785124,0.9716958590399367,1.9062880070534016,0.4019839498006002,-0.9418590209172465,3.1253414292198523,round_4,phase2,9,1,D1_1
-1.321669661525593,-0.7536488668530984,0.7999944447098744,2.173554020401892,-0.45195493171703877,-0.7621469919051944,0.554014738227157,1.2034874496920631,0.7215371886327295,1.743266185839456,-0.02823858879048114,-0.6705262366030991,-0.5996908603411241,round_4,phase1,9,1,D1_1
-1.9007337987641046,-1.3031765845288859,2.0224499778778475,1.617625642306612,-0.7958344955566027,0.15388255569573658,-8.431485690452526,0.362308191847224,-0.7622297693964105,2.6528806061145382,2.117350733954858,0.2539411776288591,-0.4923063063979285,round_1,phase3,9,1,D1_1
-2.2078366637436337,-0.43447256697155223,1.6781558283467222,0.5276631135839863,-0.9394939581534291,1.9829874694719465,-2.1045596483564886,0.3658605403164411,1.0943901356270405,2.7819550860065188,0.12184040000782143,-1.123635427435109,-0.5070838242026278,round_1,phase2,9,1,D1_1
-1.5844450539797172,-1.1788760440766566,0.967756156485726,0.6016680335179129,-1.241617435992841,1.2828529907560968,0.04105061395967673,1.6329613672453713,-0.45127288216992084,2.8037343276384976,-1.2168020565151452,-0.18031053106630365,3.857236757845233,round_1,phase1,9,1,D1_1
-1.7577055727834343,-0.0024665956578321657,-1.699330992079768,-1.8735371809790677,-0.910238806305095,0.03452768063690518,-1.887630545254316,0.524675193112633,-0.3684671180561479,-0.8157120266008343,0.10056899299608107,-0.6953045122440701,-0.2408956112051117,round_3,phase3,10,1,D1_1
-1.9808102498336424,0.07839329627522341,0.26317233468292556,1.0223633049680967,-0.968087724479054,-0.15378888196354912,0.34787762824712165,-0.46559256779472735,-2.448969697488305,-0.17474350550087558,-0.009237437970581202,2.243237643753258,2.450451728469989,round_3,phase2,10,1,D1_1
-1.448585763177076,-0.03547456870380426,-2.633885639127692,0.142930969076794,-1.0508163104654038,-0.7216359861073398,-0.6532461296892307,0.3330738753933036,0.2543774517248428,-0.6562667054991617,-0.8512011719352731,-0.7945374758303234,-0.6965015601406045,round_3,phase1,10,1,D1_1
-1.8515461228557255,3.4033002676648385,0.5876998150286639,1.1099586064174305,-0.9474931938260812,-0.6071837752593555,-1.3924170328643162,-0.28481454036182946,-1.851752947524116,0.09465873914157948,0.13691207789176366,2.1751150161659334,-1.1783119551643162,round_2,phase3,10,1,D1_1
-1.8082440221643445,-0.5335084835136635,-2.3235015433655843,0.5149938281151738,-1.2836421741368846,0.0504279480702786,-1.7690533038228637,-0.37817180468813183,0.5311478695251968,2.2533296996318284,0.7541943455701705,-0.9716479273324145,-0.26857061755492634,round_2,phase2,10,1,D1_1
-1.3319355563097162,2.6986543158495246,-1.5015290357804507,1.5993541001220015,-1.1604988425882212,-0.7312878578967488,0.7506205203788623,-0.12138166128899246,-2.344471135608388,-0.32691832204650606,-1.7332276681768728,-0.37909725960367263,-0.5729445086703066,round_2,phase1,10,1,D1_1
-1.4875349863320804,0.5986009858147261,-1.9112431047271508,0.9076195736749386,-0.8973263371566061,-0.16067268388842254,-0.12411958857625732,-0.19803563356935497,0.19722886547212432,-0.42969063854344686,-0.36621336027704465,0.11028666280006365,-0.884028444114352,round_4,phase3,10,1,D1_1
-1.9588055846642094,-1.6197360175341569,-2.381619938803083,0.5320213077412156,-0.848658774944887,1.6273429874637142,-1.965451275153522,-0.6983709449141936,1.086940019828712,-0.8129414598099377,0.7155813130525367,-0.7004123354757301,-0.8606991795197978,round_4,phase2,10,1,D1_1
-1.5123937912832564,2.144509202542382,0.8478361619119011,0.5614471081746801,-1.027389155737966,2.093241814770447,-2.2628160813587344,-1.4078319145221636,0.5142650330058183,-0.20804956148941,0.37619869871418277,0.23630755468187914,-0.9017454436268852,round_4,phase1,10,1,D1_1
-1.2318966320164904,-0.05657107264190604,-0.19556880181775438,-1.0300705867630562,-1.1797333251528508,-0.41003391562735353,-1.9677929884988437,-0.5491888147143221,-0.8735948837013646,1.79167492648917,-0.8845783830465467,0.30102443940351215,0.3316820218199,round_1,phase3,10,1,D1_1
-1.9091578472766966,5.7838904741212085,2.304531744813768,0.18825201502211075,-1.0412511640795508,0.2579978013019664,-0.9255444419900304,-0.8450994508178699,-0.09064126924153296,0.9926502966555982,-0.15593493509199738,0.2544164260369163,0.07649939139994558,round_1,phase2,10,1,D1_1
-1.7263315317805492,2.7189361710143296,-0.8742435660272465,-0.43202127945647717,-1.1328726052322395,-0.5229000175701636,-0.6267042389068207,-0.14217836948806775,0.3005507374494624,2.89043699767352,-0.6889454739484184,0.1310803333330967,0.27196732475070723,round_1,phase1,10,1,D1_1
-1.501325559932977,1.6440163963713126,-2.257074278955642,-0.3537688888130681,-0.5820049719142816,6.329705861162559,0.7319157335477605,2.370699274411178,0.341388405722648,0.7133377746175895,0.4099796434523595,-1.2516829659532631,-1.4340568835758416,round_3,phase3,11,0,D1_1
-1.030086269022496,-0.7392577649311735,-2.169097966643,0.5259070913831232,-0.26598230343423024,0.6812989865201348,0.8024273212648713,-0.533668149084198,-4.24480795658632,0.5914744085507784,-0.461717906715674,-0.11707364440449711,-1.5530488092729977,round_3,phase2,11,0,D1_1
-1.2907949125549896,-0.728578332827955,-1.619102296146551,-1.6416371570120014,-0.4492651320542909,0.5410557228308069,0.16773495466886626,-1.15203766002226,0.24324934766049125,0.5522159061815717,1.7709389784040632,-0.583789500228276,-0.7686331735527758,round_3,phase1,11,0,D1_1
-1.4710557894159442,0.49336169206066915,-2.6631860039926947,-0.9164895412802694,-0.7040073943433396,6.947648361165208,0.9115491816535368,1.4537711462383103,-1.8111944552858905,0.2500097255525664,0.8669760134525023,-0.7895472629052321,-0.8971622912298922,round_2,phase3,11,0,D1_1
-1.44692623551718,0.3335907021771401,-0.46520741977766256,-0.761540872626524,-0.7280588214842695,-0.08724367289055564,0.9372170132458788,-0.5129021806963684,-3.248124352336618,4.186687285084527,-0.1967996710829328,0.10218967914160279,-0.9117001140525132,round_2,phase2,11,0,D1_1
-1.2144563087816194,1.159978751657785,-1.5041458367725886,-1.4626325188360518,-0.6677180447798048,0.14344565792481068,0.7711324750258537,0.055030550903498336,0.654424503764792,0.5462631155589389,-0.27199338691719227,-1.0428353634948875,0.679103509130855,round_2,phase1,11,0,D1_1
-1.0079560501999967,1.8001342070599937,-1.5108541376115487,-0.9559038124149617,-0.30485357343311636,0.19808395258633613,-0.5197472028594022,0.315727484537194,-1.082963918599838,0.6483566303275099,2.176792572305813,1.1756707652072733,-0.8683909954033714,round_4,phase3,11,0,D1_1
-1.2125653225227457,0.036561122857107844,-2.321300843170206,0.2525091206772427,-0.24172006388489087,-1.3955115533613158,0.0492629644739805,-0.6451008863912625,-3.4147807129160457,0.8020809624963212,1.237384080606918,0.37396262730964847,-1.4843048111778108,round_4,phase2,11,0,D1_1
-1.5197362507366419,0.26464017446724414,-2.3418011501340747,2.3382191459152004,-0.1612515631210862,3.5935949084820615,0.6260749306292502,-0.2655004531496468,-1.352689022867146,0.919919112723944,2.980463833941731,-0.6186795065689008,-1.017236208979266,round_4,phase1,11,0,D1_1
-1.2177025832996669,3.211721625673707,0.17169824206152937,-0.5079325863837719,-1.0544338570988459,5.634398862881122,0.6525733300616243,-0.4600310499049437,-0.975617512323924,2.487300952968062,-0.14354780337683148,0.1356119775830897,-0.7303140013297014,round_1,phase3,11,0,D1_1
-1.2929761310978685,1.1653046701865528,-0.3967501772100175,0.31870361250216794,-0.5585947715955946,-0.0930283524230106,0.5036416860035595,0.3299052121827072,-2.518136675593762,1.1142104343214922,0.4208620327126973,2.391341445682554,-1.3728855613965467,round_1,phase2,11,0,D1_1
-1.4575646196634389,0.9355752595245211,-0.676113828941707,-1.7735994384463243,-1.2101521994661941,2.8368120609522536,0.7605797468370465,-0.02208503928629784,-1.8811971404564622,3.101969137406326,-1.2360921974028256,0.1562033384880643,-0.11126458471340336,round_1,phase1,11,0,D1_1
-1.187129268310561,-0.43930556947847577,-1.365843745112819,-0.6749844343555443,-0.48777803854936314,-0.6705159755528679,-1.0568530202462854,-0.4499470960180102,-0.18826440369780514,0.43178253844256326,-0.9567973096382127,0.35479162878771897,-0.5705742171948127,round_3,phase3,12,0,D1_1
-1.533861634588753,-1.352136173467571,0.04010968632409256,1.6240387259707965,-0.08406438173569451,-0.21878882888574294,0.6861041701034274,-0.7414383551516852,0.7867661901446753,0.5547362939177359,0.2187647931461268,-0.8474352745235698,-0.35394073541744664,round_3,phase2,12,0,D1_1
-1.0050090795634241,0.10478814225835101,0.21626756759353005,-1.8597915778927068,-0.3327432404424162,-0.8026225285786408,0.6906080530868586,0.09491678381162048,-0.6905884254718069,0.3722811676075959,-1.4530593542971764,0.04398613745496446,1.1821528208419827,round_3,phase1,12,0,D1_1
-0.8048661528238169,1.5856269102274827,-0.4498015200559254,0.663222250702916,-0.18733217585648118,-0.4274998872377191,0.41753365493196054,3.4319692380038056,-1.4704412446328983,0.4491424784010164,-0.8344465965922575,-0.9935489634428519,-1.3239299989058566,round_2,phase3,12,0,D1_1
-1.0367304139826472,-1.0783334754804936,0.735952538628437,0.47232744125807424,0.39258812929343,-1.0218113087563885,0.3010147805980171,7.976853920317658,0.3403419936947027,0.44679171524462113,0.0469220491153127,1.9128522432319253,-0.4831840282305513,round_2,phase2,12,0,D1_1
-0.07747064573749039,-1.0294745461569408,0.19805799551313918,0.6679447243048798,0.05664084047589097,-0.33224876662604086,0.6775813982890346,-0.18395457878190613,-1.2115628819614759,0.7555455683155802,-1.287741832134219,-0.5223218166587218,-0.8626121498921875,round_2,phase1,12,0,D1_1
-1.0987867791765409,-0.6056816204560714,-0.9566250455132611,4.075902677547508,-0.6256128412643155,1.565847337452164,1.0941050974379638,1.2968888714032891,-0.3928581199806834,0.661103354316185,-1.3497211336011499,-0.8099694025465609,-0.8317995628491563,round_4,phase3,12,0,D1_1
-1.475946672869944,-0.3597788046468009,-0.38564492598264105,-0.8082864798855706,-0.35351441783999876,1.288534083944821,0.6424296956751551,-0.5280048924948498,0.48282723293671054,0.3922337680365491,-0.5769767523355418,-1.3680954008403217,-1.1480178806658736,round_4,phase2,12,0,D1_1
-0.8693724045528435,2.1257191434681637,0.7772104724226622,-0.20001534691871017,-0.13014541148397638,-0.7536684598364148,0.02387098645595768,-0.033886512275471244,-0.8336217787028567,1.3079666199891493,0.04048334162392696,-0.3723832703012206,-0.9666884074084308,round_4,phase1,12,0,D1_1
0.5649293824752033,-0.37939455407894196,-0.46419863012696766,-0.9189344425703946,-0.38190428706177404,2.7684163718726764,-0.8360600773394125,-1.293649457804679,0.4454080047695166,2.4113240075536666,0.21816497661990464,-0.014763655330610592,-1.0989778682107112,round_1,phase3,12,0,D1_1
-0.21748668851465497,0.4628423231379948,0.17525135800001987,-1.3736551888171684,0.0017614233909900568,2.8254707410364963,0.30205117609668625,-0.20163589862283418,0.04266719216881256,1.210837532830248,-0.32861304208203523,-1.8895327416033205,-0.8865761425077998,round_1,phase2,12,0,D1_1
-0.8494686275221642,-0.6748429118721831,0.5573681890134192,-0.04976234316222624,-0.40605105117838325,2.4653018227080197,0.14024533545752368,-0.7533892924453525,-1.7204824468499806,2.970187660012103,-1.375244015740637,-0.061767929305862626,-0.01814451824230616,round_1,phase1,12,0,D1_1
-1.6230518465808976,-0.12801030285667717,0.10132138288529788,0.5565293497555696,-0.9546144779991013,-0.4708849476910617,0.8754368802787053,1.1519794841449562,-1.0200137557580375,0.1573799745698024,-1.5889243017538575,-0.8001409442248002,0.21278757242721677,round_3,phase3,13,1,D1_1
-1.7984167461492957,-0.5547885746580604,-0.16868055543884095,0.5285412773663797,-0.9413235508936306,-0.7423946826208075,0.8008151274137593,1.152690507780049,1.185198874700016,0.0046000262983548635,-1.0944937048784413,-1.1574141813783678,1.003963217569861,round_3,phase2,13,1,D1_1
-1.4237598863028331,-0.6037666246325177,-1.6350593225816135,2.0366968922704545,-0.8287336995108898,-1.1177156142604614,0.6628156585115562,-0.19839019696516277,0.7435997089592746,-0.15206962205550068,-0.6549507938025663,-0.6864573828389566,-0.2617927881832334,round_3,phase1,13,1,D1_1
-1.5274585377184449,-0.12867832333590468,-0.43830704329430564,0.23172833741488977,-0.7597357322947828,-0.5119403886197033,0.7115182595616976,-0.7593218199324462,-0.560077066844413,-0.05187234647377245,-0.9397316371027536,0.3381680085095925,-0.615618240325705,round_2,phase3,13,1,D1_1
-1.9337199815761577,0.42351258401000275,-0.2377605667853029,-0.13156202475736845,-0.7885668008624364,0.3050955723254298,0.5993432822563743,1.1142692638675815,1.3603187268199965,-0.3511890773492343,-0.13508579955299585,0.4072537955195225,-0.3732021137772332,round_2,phase2,13,1,D1_1
-0.39571927226331743,-1.6409656775033803,-1.5973995885075019,0.19953950930941058,-0.47603686254237265,-0.6502631760100472,-4.022128526529807,1.6301794138665295,-0.737707507922223,-1.4896036182081362,2.1111092883521745,0.09903578787572893,0.7115806375829853,round_2,phase1,13,1,D1_1
-1.6975209723393496,-0.4467330859848256,-1.6554089375427503,1.423350559850588,-0.8718533980813906,-1.08749321481449,0.34121383646972225,-0.7296300243252015,0.7184785185184143,-0.26604341298307155,-0.5771505697489155,0.3033034553640915,-0.3834165563505278,round_4,phase3,13,1,D1_1
-1.7238417887515727,-0.16838339274634892,1.0992621140758294,-1.7701004931800923,-1.0658891610174057,0.3530690268337383,0.6125278581765791,0.29585286516012954,0.7322476195146214,-0.3036966069630386,-2.241089401451643,1.2101207843378818,-0.24389663511633874,round_4,phase2,13,1,D1_1
-1.4074160714439201,0.16083047081193433,-1.120531877185835,-0.8405323940826062,-0.9247946079718964,0.8872499405128347,0.4232919103170716,0.233782624946031,-3.8663087004561802,-0.1968779579863163,-0.8172430713419285,-0.0761714183101249,0.2358093369460931,round_4,phase1,13,1,D1_1
-1.7403039650336338,1.7079942974539175,0.2476585278845607,-0.16474300199961042,-0.9934643586449792,-0.37348020036083557,0.7642108552257669,0.6249214114025721,-0.7844929987491982,2.0408115401683316,-1.3329737119517675,0.8618395826175976,-0.6779527448652457,round_1,phase3,13,1,D1_1
-2.0228251554794596,1.721290725123184,1.306590923079597,-0.8269368690711135,-1.1736252794298876,0.2009461712455666,0.6520629779323334,1.7488252026937356,-0.1854077247432053,4.584317850957666,-0.8808630356131817,0.7736756538230634,-0.3033812404326067,round_1,phase2,13,1,D1_1
-1.516887427995449,-1.4991897270467578,-0.31232472210964196,-2.108695662025038,-0.9605595245462439,0.10698521643184784,-0.5162642444307987,-0.6093885837276871,-0.6270223773449026,1.0919296713474747,-1.408629937674709,0.38723336847616874,-0.4360483729020307,round_1,phase1,13,1,D1_1
-1.7673370499520933,-0.45271910711380414,-1.023744043082035,3.1731656522841982,-0.7226307157045626,0.8402473148849224,0.3282219725547623,0.932559213774073,0.32538344171267525,-0.46553525938557955,-0.33484136064404607,1.0286868609979813,0.5244526981236525,round_3,phase3,14,0,D1_1
-1.733883457732916,-0.674289281683571,-1.4477279752700662,2.370570023464331,-0.7476927594913232,-0.41105732909416126,0.8167932535624896,-1.000174059409539,-0.14362668930039016,-0.5861765975962202,-0.3805364078585749,-0.11826401554852464,0.7278286274099119,round_3,phase2,14,0,D1_1
-1.3209994159161924,-0.7344177546770866,-0.8045340463566982,0.5024494289637658,-0.675183399379528,0.5220960204731102,-0.2545011387812779,0.5809289090814918,-3.6533196288276217,-0.22969091423439114,-0.21889608175344544,1.0283118712010648,7.319150504571321,round_3,phase1,14,0,D1_1
-1.2618646343401685,0.5495755940418239,0.4950546104851887,1.6534671237543004,-0.8339921840319878,2.9576843604547083,-2.071880653256454,-0.7275796978688573,-3.669657911138872,1.0072580803755071,-0.5594497881739868,0.9479189963144717,2.4551653874013946,round_2,phase3,14,0,D1_1
-1.8269100238403901,2.8449211016812788,2.5298475059387684,-1.3526301008909711,-0.5331376697311968,2.219718712462284,0.5896796017569944,0.12626203334615899,-1.4960007133877726,0.1191044116807178,0.6453728891539107,1.2324061869528307,-0.29874745973442274,round_2,phase2,14,0,D1_1
-1.2639353549845034,-0.2895648238683838,-0.9857776883215034,-1.2058689298754366,-0.8005259148791567,0.6858573728238723,0.2248346361921123,-0.80018602969252,-1.2804093310141997,0.14259389729843344,-1.2669942000484216,-0.30340376367448446,-0.3865732136967133,round_2,phase1,14,0,D1_1
-1.622882008664642,-0.2711420460262084,-1.1021496126750954,6.554486963109838,-0.7504275261738356,-1.1364190924392932,0.9780361523203722,1.4033007522142675,0.18514492649925532,-0.5935001395028398,0.11263633775359089,0.019414052636598986,0.16516562460408132,round_4,phase3,14,0,D1_1
-1.899302352724636,0.9180091870007905,-0.8595727004302864,0.7829628549224539,-0.8120635686314381,-0.1425287674325581,0.8283600922908692,-0.9000446573984069,0.5193573136729022,-0.3709724004077587,0.013536438304992333,-0.9803948546974823,0.6193660406083276,round_4,phase2,14,0,D1_1
-1.4490416287824208,-0.8137988344955723,-0.6992163032531535,-0.1715077545388385,-0.9467922933708063,-0.9909967850936234,0.5512093308246854,-0.19673799126945987,-0.5054527344593877,0.10648830787749804,-1.1814902192216203,0.21691003948347878,-0.6663107241175033,round_4,phase1,14,0,D1_1
-1.7770530187457818,2.7037628123637125,1.2916669916646992,-0.6707049845517354,-0.8674807478026201,-0.350812838223085,-2.503444007660551,-0.7341999702818024,-0.3117996075666789,2.6988806810318215,-1.4261328237071076,1.80563416044318,-0.5152493260396299,round_1,phase3,14,0,D1_1
-1.6910619791094013,-0.8206835363101146,0.19485685585481366,0.05896269242642074,-0.7201144117832683,-0.149540029845213,0.5544316308266719,1.712104214886246,-1.6289569644775486,1.232388322223496,-1.088993044621537,0.29880047518770686,2.8419573395543067,round_1,phase2,14,0,D1_1
-1.281024871645727,2.856894000083728,-0.1810165269527785,0.5195362358358754,-0.5691215285048224,-0.7595329905181394,-0.2110345951525726,-0.4525712437566833,-4.550735770161314,-1.0113705779304591,-0.46855333788450826,6.217000931267925,-0.05017055843289779,round_1,phase1,14,0,D1_1
-0.6692143729043477,-1.1818188425952865,-0.6203091045443888,-0.31502457389753036,0.20316090109228802,0.45335767054534226,0.8222988070430677,0.4070099324016064,0.3401574275205166,1.1921679220465786,-0.05605152305338535,-0.6640795218972382,-1.0350175612682901,round_3,phase3,15,1,D1_2
0.7037982214643953,0.3065263663509007,1.8125034568356058,0.8312646747996302,-0.19223838480777705,-1.6277637929731255,-0.7871949898347548,-0.16566432900812508,0.603533800716468,1.251893619972997,-0.36902914206751786,0.1473348373494699,0.3314125130235144,round_3,phase2,15,1,D1_2
2.085149393135724,-1.9696766798601621,-1.0298818343809715,-1.1945751063125778,0.3287777636996807,0.9869753638487634,-0.6260786232983835,0.225984504179052,0.5202842016949265,0.956686309168762,-0.9042115508299771,0.28920816279185446,-0.5785519389233592,round_3,phase1,15,1,D1_2
4.858340768339702,-1.8140035775337187,-0.40390353080110386,0.4307387425101145,3.1672315539717015,-0.35183056869131507,-3.2869531477092635,-0.5302451442456559,0.6273595571350105,0.8645578552989145,-0.7616730837421192,-0.3015413020917191,-1.240322653908596,round_2,phase3,15,1,D1_2
2.4371805569994924,-0.8826043797258531,-0.040144932900863683,-0.9188150427889105,3.250793937958629,0.17090613085700007,0.801249155714655,-0.7487242339299122,1.7051698008658662,0.5813655065085034,-2.670369269965815,-0.6719060568888229,0.16623148337939342,round_2,phase2,15,1,D1_2
0.5390748985918206,0.3401645207917932,-0.5491005487920023,-2.530666355213,1.3902030210586522,5.29493497654771,-0.2302267502072916,-0.21372269860004123,1.3949660548650604,0.8307018051852987,-0.3523791228411357,0.4683324567703861,-0.25174513040233726,round_2,phase1,15,1,D1_2
4.996946742861267,-0.8627180986028414,-0.5895781796239525,-1.865791866293897,1.9571261958209425,-0.8654215689289382,0.619648351214015,0.036027713947625,0.5540275066570104,1.1521906998364888,1.6653822903586872,-0.42723339102622787,0.4010195557216384,round_4,phase3,15,1,D1_2
3.8231569785446786,-2.2539841039937447,0.29454743293242647,-1.8257489770631818,3.614748658265386,-1.166341105497429,-1.7255085912198056,-0.5193489612711805,0.491781614364816,0.7682525921485813,-2.1895501231291985,0.3768787700000022,1.317274450013953,round_4,phase2,15,1,D1_2
1.7215217926957405,-0.07087542311025677,-0.3880352791968608,-1.6821955680099405,4.160145898846908,-0.4179144355000992,-0.9118788781466847,2.234401375118764,1.111400166723696,0.8765904643103778,-1.55248247238269,-0.6943690622403452,-0.7141606821216283,round_4,phase1,15,1,D1_2
6.085718369242471,-0.9788770397022988,0.4306066325680245,-1.1182052965263212,4.229189356167848,1.2261151014918732,-1.2292405062559462,1.0206741022455694,-1.5010452544278088,0.6398659822755721,-0.5205794126615195,-0.42878850252131023,-0.8025635468372796,round_1,phase3,15,1,D1_2
2.7090401692697204,-1.2642502739480697,1.0360296577100212,-1.5164313845651662,5.788680423274984,-0.7363248218611805,0.36591974666265514,-0.6538374924702927,0.6831482488173093,0.25007834828259423,-2.7380181299504454,-0.05561473386433369,-0.1460857237468964,round_1,phase2,15,1,D1_2
3.863099814945463,-0.18596775965807916,1.5570496331329868,-1.5157342872536934,3.2630968632545443,0.8234964270005614,0.37505771066912325,0.21641558248692258,0.8645632951540536,0.7712779626571576,-1.7174665862081608,-0.1577883517272274,-0.7969534512650616,round_1,phase1,15,1,D1_2
-1.1236461032547838,-2.002382051259484,-0.9462600293123933,2.2083882247308777,0.529507996644841,-1.05574371619567,0.8771006498475123,-0.4108220829140037,1.3246711077651732,1.5524341180112118,2.493571987980002,-0.3593036807020457,-0.5897361401481546,round_3,phase3,16,0,D1_2
0.8267085285097716,0.4333947917749273,-0.0017001961916390924,1.3910107942261754,0.3948969971466411,-1.1168620423777675,-6.983804005076031,1.6638432940214443,1.4956114726823964,0.9700375674224828,0.4442741196815193,-0.7746220274748888,1.0778663011880885,round_3,phase2,16,0,D1_2
-0.1280430380558843,-0.9528977000001029,-0.6214631586192636,1.5004260844512523,1.077382237835509,-0.5581956430351322,0.5807241507829227,1.5746693774170581,0.6268495850912538,1.1265345529951645,1.1671357826087867,-0.4224133304047126,-0.5886520914990492,round_3,phase1,16,0,D1_2
0.871608748869835,-1.6511920277458556,-0.7124943244540991,2.1578188452198552,0.986662652950454,-0.8554310731741773,0.9008330269122466,-0.48608709836666525,1.4238346079546573,1.2847957933080152,2.082764839607605,-0.5504290721418685,-0.16065398713544246,round_2,phase3,16,0,D1_2
1.7216600832441613,-0.3209451338208758,-1.4254044578466694,-0.396883446770544,0.9458906414485704,-1.4626135003361838,-1.850115787319542,-1.0499588990629372,1.2939875365627933,0.707795897953362,3.257753989754494,-0.496857106007319,-0.751967891862573,round_2,phase2,16,0,D1_2
-0.8199449204495886,-0.03241492133431523,-0.9682516699281246,2.459789007935945,1.7309918940560787,-0.5979222838695886,0.47228563208844854,1.2365039145951466,1.2521362916023027,0.9249955895234295,2.2516473238682773,-0.8192395441179442,-0.7566072903578672,round_2,phase1,16,0,D1_2
0.5525330810088656,-0.6364137794445065,-1.3237265628971724,0.5689209753824847,0.418689823393917,-1.3646120193620679,0.2827221867281523,3.9344675984615027,1.1123606369117087,1.0863268823218415,-0.5040759852170457,-0.6663000528072909,-0.7684167495199603,round_4,phase3,16,0,D1_2
-0.6300116073157884,-1.4777123488836694,-1.7015657325355225,-0.05213252525186194,0.9111585385607853,-1.153848143494348,0.017019237632867435,1.2875593229396667,0.7461691158325054,0.8079321060325514,-0.8983759478635893,0.6711803325821075,1.6141255132270313,round_4,phase2,16,0,D1_2
1.1795686660370488,-1.842119688242606,-1.4130880424242551,1.5363783810477833,0.9395069790525836,-1.1957081088280046,0.5615337585163617,-0.40743560397622164,1.188949515612688,1.0351669456254196,-0.46408741760210964,-0.28852576168580013,-0.47614320012498407,round_4,phase1,16,0,D1_2
4.448061797680389,-2.0643711381991063,-0.6878991443429854,-1.4330916494868478,-0.08099538014295728,-0.9432061940444562,0.1508537666576308,-1.0977646398736693,1.6355499499820794,0.991952244029486,0.20623011986516723,-0.42541037259919817,-0.8847540676392209,round_1,phase3,16,0,D1_2
2.80930019396206,-1.9410422213550982,-0.3148995856660147,-1.920648713733513,0.8213311173440622,-0.2252529035730107,0.3656632870629253,-0.36641442384675216,1.8291708591868023,3.6922677250245575,-1.4637411500619484,-0.7657259890147952,-0.6918419015439824,round_1,phase2,16,0,D1_2
1.881289298013904,-1.366199144489724,-0.4340914933355646,-1.492760794582672,1.2278137819996604,-1.432942862914466,-0.5454806390710005,0.09872219406121,0.8787501552356392,0.9666621952983476,0.6848360092981214,-0.43501667358249085,0.17310236625580483,round_1,phase1,16,0,D1_2
-0.6531731912633487,-1.173760596080128,-0.5431778367397827,-0.31837350872163683,0.21340947176327907,0.4404242953900493,0.8317705431430336,0.3924016303254573,0.40678131315071736,1.0197161872616594,-0.04776201066395272,-0.5505423415451002,-1.0416112443727654,round_3,phase3,17,0,D1_2
0.7198394031053943,0.3145846128660591,1.889634724640212,0.8279157399755237,-0.181989814136786,-1.6406971681284184,-0.777723253734789,-0.1802726310842742,0.6701576863466688,1.0794418851880778,-0.36073962967808526,0.26087201770160773,0.32481882991903904,round_3,phase2,17,0,D1_2
2.1011905747767226,-1.9616184333450037,-0.9527505665763656,-1.197924041136684,0.3390263343706718,0.9740419886934705,-0.6166068871984174,0.2113762021029029,0.5869080873251273,0.7842345743838429,-0.8959220384405447,0.4027453431439924,-0.5851456220278344,round_3,phase1,17,0,D1_2
0.08020584303036173,-1.2314616256979103,-0.6737381745360026,-1.8159963619989723,0.5312911023355331,0.21570274389871447,0.3645607090404958,0.7793230994535078,0.8791347566332376,0.5743016605974477,-1.3381426025001453,-0.012534085091324018,-0.9140644967394936,round_2,phase3,17,0,D1_2
3.0117683356923517,-1.0543513181058322,0.35625990426248305,-0.8046688518436113,-0.7204510732226107,-1.2830636040942112,-1.6735407467296122,-0.8966882974781051,0.9649414283894399,0.25816878262114523,-0.8121168842106404,0.40957520665272223,-0.353775424721882,round_2,phase2,17,0,D1_2
2.737417436333941,-0.9593254924102922,-0.025110826034706577,-0.5626661747067574,-0.3540515248625418,-0.3232132032010476,0.48202891642778983,0.898550168269484,1.3068081219416186,0.5138840688011773,4.718807146209343,-0.03893954693884643,-0.7633755381319572,round_2,phase1,17,0,D1_2
1.0419223217427536,-1.8950494083972458,-0.7423554051450794,-0.817969184755854,-0.2731045043060413,-0.6599415045139999,0.6679311445218272,-0.7807330809177575,0.11265030538169722,1.2254057835210856,0.4591277157545072,-0.30473228218709764,-0.7917299770838812,round_4,phase3,17,0,D1_2
1.511921057339588,-1.6318327921198148,0.0689071332777708,-0.5713622186180448,-0.21518037320154174,-0.7944989467645373,-2.8870427447847398,1.4671525777940015,-1.3737341088451966,0.7541941018445838,0.28028870116860444,-0.29945718111105,1.8581518374921626,round_4,phase2,17,0,D1_2
0.8001053736682663,0.303983075139519,-0.891120048243815,-1.287800808901648,-0.28608663177076876,-0.030769193418997195,-0.5772342168454528,-0.19267015823907072,1.0195879819066291,1.1004329093962264,1.0240183900148276,0.947136563138844,-0.7138126983989554,round_4,phase1,17,0,D1_2
4.416163684696028,-0.8571844057888194,-0.1920841623388602,-2.458047849288045,2.003708537705149,0.8561966421739988,-0.7554124026304494,0.5651179972607364,1.6757793523442381,0.3755099729975994,-0.4231527618151144,-0.7013131800049031,-1.2680670333944242,round_1,phase3,17,0,D1_2
4.971816674715288,-0.6259401501311055,1.9928115286647088,-1.0902467792703956,-0.874693525724315,-1.1677024896624446,0.5375011072076954,-0.5512421686176288,-1.3669097640483499,1.088618033627217,-2.3573968711481985,2.558905536312754,0.23733064389982125,round_1,phase2,17,0,D1_2
0.07241311426366653,-0.8265451549452436,-0.32560509870467813,-1.449783700302362,0.5287757777578376,-0.500933604886551,-0.0025251240261880336,-0.926723337851097,1.2272418607049451,0.6459068871741515,-0.6140407032910833,0.12187105238336823,-0.6158347270218457,round_1,phase1,17,0,D1_2
-1.6527595911882378,-1.2350678804993085,-2.167557329144884,-0.15029314233836696,1.8042244655800437,-0.5096340589767319,0.030507718705768516,0.7585029910199874,1.2068816569319172,1.6150699013524517,2.1107733785100686,-0.1915875051151985,1.9914284519347587,round_3,phase3,18,1,D1_2
-1.024207186724474,-1.250321881362772,-1.7631579058645093,-1.616404382387385,1.1657812210394647,3.96887887041551,0.07618054800213787,-0.5162323762608337,1.201542899509253,1.576026920536369,-0.9071051465456548,-0.6277866743328774,1.480194186207359,round_3,phase2,18,1,D1_2
-0.11105106657636597,1.4476450696222898,-1.2491514016247482,1.2339973882337467,0.793073540807415,3.5492464212344124,0.8321959690068885,2.1194509709093983,-1.9483144463518016,1.1580077704437373,0.14392642503400194,-0.9966014156832322,-0.37480653653364965,round_3,phase1,18,1,D1_2
-0.9963173054705398,-1.1900543562237222,-1.798836311948017,0.3104461137770551,3.9304320394658694,-0.9741755027017304,-1.147781803874252,-0.8072905927343589,1.3333697853734772,1.3840671806835387,5.821434663317661,-0.5760129461267687,0.43094681256218026,round_2,phase3,18,1,D1_2
0.25503614776556116,0.4865548429843262,-1.6218201628923967,0.8041301797562554,4.358314253092528,-0.5756930301240127,-2.700159003531623,-0.09426979158403126,1.8163715751158964,0.7628193579278497,1.612333601387577,-0.3720514215787555,-0.5001715165362366,round_2,phase2,18,1,D1_2
0.7468852155533073,-1.511269904121538,-1.0780218996565003,-0.4791644881279863,5.363066517716572,-1.1416201828133232,-0.03520636637216919,-0.70348193031871,1.1003367685350354,1.0308700432923301,0.6850436422612093,0.021870440714576885,0.660410756459968,round_2,phase1,18,1,D1_2
-0.78508673623165,3.406584569836368,-1.232825294587158,-0.43462544093149885,2.2521476212680978,-1.191319229151166,-3.2644582506976496,0.7315959138407614,1.2047238104621227,1.456597550071861,-0.6338599419202664,0.5753218898269145,0.01656670751263958,round_4,phase3,18,1,D1_2
-0.1666970204468672,1.7913915684357866,-0.022504062457598156,-0.6474786407148212,1.8375733321604864,-1.269790696137359,-1.8373884665833582,0.975533801288462,1.1187198581539495,0.9852819498061411,1.0244160960172384,1.1341449589958816,1.1422839630374344,round_4,phase2,18,1,D1_2
4.829807205215043,-0.47502874715069804,-2.6163094359214116,1.3189564889268537,1.6340080543686832,-1.1529526190538812,-6.2055464956408795,0.29048353375317837,0.27646416899946424,0.8152457124689567,0.622554818985507,-0.1526432407741787,-0.49670012496106297,round_4,phase1,18,1,D1_2
0.6278486767942039,-1.577805242044191,-1.1108070658325837,0.12147249293957957,10.492275615787289,1.1372489338225706,-2.5196841128188825,-0.5263314858304958,0.792561259808619,0.02648710512286043,-1.4252240481682865,0.35238893357407497,-1.2121618226612416,round_1,phase3,18,1,D1_2
6.219863544932091,0.78432799820117,0.10320938567832154,-1.252611714564077,9.098179244499594,-0.4256859224672032,0.3975454509712641,-0.1037313158667803,-0.5450095320507544,3.360310019025474,1.0112132574588375,1.2866687456120165,0.42066913478775214,round_1,phase2,18,1,D1_2
0.34551441585709003,-1.253920902793809,-0.7412210689500206,-2.422620546447224,7.677963568864344,2.3668821481515674,0.047521263453038365,-0.5408770992306337,0.9429644527056529,0.8557681562737162,-0.6870960000308333,-0.238577934334885,-0.4472480738483697,round_1,phase1,18,1,D1_2
12.96050127554834,1.3103499607706273,1.8391565808078856,-2.007444945103578,-2.368674167078097,1.4983579565091747,0.11605436612928162,-0.2691968988752435,-1.2014210605187658,1.1021945756526486,-0.6351391386789933,2.2708800420958215,1.0750777268211937,round_3,phase3,19,1,D1_2
11.87428519199976,-0.005006351887230158,-0.14165558553712304,-3.430550085445708,-4.46751540231522,0.5893807630693769,-0.09230102520630619,-0.6790764758694382,-0.8114875063785704,0.8945151170896125,-0.6383327927624346,-0.986114018570537,-0.4600981732976942,round_3,phase2,19,1,D1_2
12.732071064295745,0.02401897264643774,0.20000772335577358,-2.5996129085293633,-2.1327482311339145,0.23948450244818215,0.18485782377362694,0.22256718552078616,-0.20310853484375346,0.7976763987964188,0.8279955304351588,-0.6891213720261458,0.18516413120954847,round_3,phase1,19,1,D1_2
7.996071476976087,1.0612595041078585,-0.6691824696528135,-2.5129750212574056,1.0534791349846209,-0.6370011270043626,0.4382279267172923,-1.220507219706411,0.15027349569055545,1.047454614403352,-0.4205804740066911,0.2226384884873094,2.382089598345795,round_2,phase3,19,1,D1_2
9.025254680732349,2.551237957403875,1.7380885973401163,-1.854299593226864,-0.9213858159890248,2.324171722248942,0.10651050106080454,-1.1701178750247445,-3.1120985114307285,0.7882499094954515,-1.1108636260057392,1.6191463076813675,0.8267921405632495,round_2,phase2,19,1,D1_2
10.664626562223992,0.04632655911889177,1.9652592095110286,-2.1526001607940435,0.1719928740504945,-0.5679472348434487,-0.19599594956856914,-0.353414245222747,-1.9605159231031888,0.9298128612100843,-1.0533938408437644,0.3825540879883639,0.6616884557553392,round_2,phase1,19,1,D1_2
14.710255795618789,-1.0292461921028686,-0.41064257560273154,-3.461042578476341,-2.326949433057491,0.26838445511702347,-0.6970622011988823,-1.1584373479314987,-0.9944590055106397,0.9195200681734119,2.495839742967184,0.5008791071999923,2.342614631504214,round_4,phase3,19,1,D1_2
8.779025971297159,4.5450439210976255,1.0728922827107374,-2.824414514509107,-1.4754739810695048,1.7410313746844943,0.2833775983729509,0.8579159967418506,-0.5952450657134012,0.6007664219280695,-2.966267053475846,1.606755395638804,0.21783416716892798,round_4,phase2,19,1,D1_2
12.828477483150428,-0.4557057009132021,0.8349434859281427,-2.4201363101196884,-1.2617412644266082,0.6180686632602761,-0.2855873169598238,-0.9398050772507517,-0.1349484581473778,0.8030286025115387,-0.7323143488822621,0.37647659676915063,-0.09972756327580369,round_4,phase1,19,1,D1_2
8.63258337390767,-1.9043481498821737,1.198530224656849,-2.603527656252162,2.262923925425814,-0.380192095339225,0.18632753843913757,-0.9405985135174249,0.28553846573225494,0.9515540171205767,-0.7424693900725147,-0.03616935053215766,1.3229859052016786,round_1,phase3,19,1,D1_2
8.71787746100676,0.2174173575334332,1.7174732574559801,-2.5601596642636726,2.2283170433047235,1.1212050110893048,0.8041457560681485,0.4945881892237872,0.4956371778283397,0.9992111796523686,-0.6135722515357384,-0.515149867720602,-0.954568403212559,round_1,phase2,19,1,D1_2
9.913049367242344,-1.1605078667780107,0.5822720910865559,-1.8443013181463486,4.493960417160015,-0.19102686037560399,-0.1429913728699123,-0.2609102434253413,0.9560190055831934,0.49369105070857316,0.5620546561963344,-0.3364127539404769,-0.7148088102189902,round_1,phase1,19,1,D1_2
0.9335513637874122,0.9671251749168748,-2.97025248401063,-0.9731341807477197,0.8528935370129485,-1.2765850797888234,-2.7173456365947404,-0.10829520541202771,1.2130138993463655,0.8709837573756268,-0.7537975051049302,-0.3228278900382738,-0.6432207214104091,round_3,phase3,20,0,D1_2
3.7469689933768864,-0.2152711290170568,-1.7603223617513755,-1.4890027499920138,0.1612067103543552,0.5282653265011312,-1.0058133009489132,-0.4569354923054173,-1.6317583389133894,0.9531082522158812,-1.767291921070206,1.0775060584031535,2.9282625702739415,round_3,phase2,20,0,D1_2
3.0734937803547635,-0.09005551921980993,-2.90816459851242,-1.7667790342990484,0.02703116837270564,0.7905733422627531,-0.0698168959717977,2.7361220893240796,0.16062906826163975,0.5955572472274696,7.511973842380227,-0.4741783149819941,-0.7077778392962992,round_3,phase1,20,0,D1_2
0.9092749735493203,5.436306461007562,-1.320777223311691,0.31971851426347536,0.5960486511445017,-1.4992193685775992,-0.31232243167128015,0.6412520330998938,1.5422566579742387,0.7495518517060313,-0.4187868784330084,-2.649085569385083,-0.8325069978601519,round_2,phase3,20,0,D1_2
4.62345736421226,0.035300960762244905,-2.412264022365421,-1.4663803749513762,-0.04727732687605917,-0.26379031112325435,-0.7608145220290101,-0.6570422979744903,0.8591943091578481,0.2702116865751697,-1.06093460126076,0.5135341093878408,0.5061016472422112,round_2,phase2,20,0,D1_2
6.492389027885541,0.4717859816467297,-1.9243748907394238,0.36566541573787886,-0.5541747419583065,-0.5155640322070177,-4.363236043056068,1.4976300126141775,1.5742225477566392,0.45645512071513417,3.338175743025181,-0.8317174458280767,-0.6896318480936745,round_2,phase1,20,0,D1_2
1.5786801623114222,2.6743850376504947,-1.6420193758034556,-2.5514945418087573,1.1957745899436114,-0.5922379900596345,0.5786429176316732,-0.8863294231601023,1.1810809344126674,1.2536740040681378,-1.7655710604005916,-0.5776101085723157,-0.6025017484062322,round_4,phase3,20,0,D1_2
3.4693761664124523,1.8218336870616,-1.8492419468880958,-1.1774021792716118,0.7309107455201034,-0.7486376190902683,-0.08637328838862021,-0.07267763547533805,0.025701446605170927,0.5731666606088717,-0.5227542205223606,1.0608329616669827,-0.03483155409609507,round_4,phase2,20,0,D1_2
2.53100934718661,0.017611246999803327,-2.8345301082213332,1.0229593449437098,0.2998638465976131,-1.0556520781739542,0.34662375550550706,0.6377892881726565,1.3028505130218255,0.777201025236172,-0.7680502338030429,-0.6464908266552586,-0.2701076204070321,round_4,phase1,20,0,D1_2
3.335667277275988,-0.43712457045563613,-2.2145615096521,-2.258316820915873,1.9341551951601914,-0.594851698292054,-0.5068709460709734,-0.6224468418334244,1.472742080451135,0.15926945647663934,-1.7070313647159514,-0.5193079930547678,0.27883854076044484,round_1,phase3,20,0,D1_2
9.559847094422606,-1.4981723497181927,-1.9310066088649596,-1.5487409557572522,-1.3398081293622903,-1.2733467628577941,-0.23305280215849303,0.10226491168763199,1.5915138037931538,-0.3965769616337565,-0.3687975864904776,-0.8020793419528996,0.9955678951892353,round_1,phase2,20,0,D1_2
3.1979546426606817,1.6453964918539565,-0.8017322616922644,-2.0228828536812493,4.452535396816026,-0.2721351230438943,-0.962354833045303,0.6052649058388103,-0.320080320072011,0.1171413304513137,-1.2926620968835993,2.194343999149611,-0.7149304638959549,round_1,phase1,20,0,D1_2
-0.8581413883439625,-0.6365469855912279,-2.2907380328325213,2.060757917143871,-0.4447182719052159,0.3376885555277779,1.022289863637414,-0.21145876536733335,0.47670869561261203,-1.0322838138860135,-1.5719577244225569,0.12080245965603657,1.21375532670556,round_3,phase3,21,1,D1_3
-1.710129950754231,-0.6340302295379234,-2.208931806277854,2.8446081046806344,-0.20189018872469028,-1.2756469047626333,0.44796425204006984,1.4666811567137603,0.037614340393358425,-1.3593603245103807,0.6247165474303032,0.6476866205728062,-0.2672067005683841,round_3,phase2,21,1,D1_3
-1.3384545092046223,-0.04077156695247724,-1.1350851949526644,2.0308118973879337,-0.13029328019118672,-1.4700434557653077,-0.08121968520145113,0.4091909971591293,-1.0356751472097567,-0.6197984326600958,-0.3718446476760961,0.6694107707706469,-0.6776804952638807,round_3,phase1,21,1,D1_3
-0.6786283268291796,-0.877382854100428,-2.2639766167492756,0.21705663242852152,-0.07041007215030744,-0.6779055944972843,0.5163142521724245,-0.9616515946846641,0.6770344375819626,-0.5392245931468149,0.6639351720462193,0.5897042981786533,0.841818610891724,round_2,phase3,21,1,D1_3
-1.1055533157735122,-0.8888415941843808,-2.966654924367513,1.491070494436018,0.3360732918772028,-1.1150894737412809,1.2103901590525812,0.464279777508885,1.163353532144353,-1.1530507482262118,0.3398288666376967,0.1252716449608477,-0.40419067602109016,round_2,phase2,21,1,D1_3
-1.0740663430525301,-0.7716632322867252,-1.629924933691331,3.25525812082901,0.2874627226549704,-1.565727017807342,0.16159580858402717,-0.2366500424113136,0.545469486536203,-0.48372119126113694,1.4792463894312518,0.4580038034134408,-0.12726780222978132,round_2,phase1,21,1,D1_3
-1.4192164165879033,-0.9530579937900437,-2.835691212725597,1.7941263267294385,-0.2881952481733865,-0.4487666824317667,0.47315981292030357,1.909711277066262,1.514611768054344,-3.4817557017404646,-0.7255142999709034,-0.40163054937726334,0.4034641130205949,round_4,phase3,21,1,D1_3
-1.5803649952804535,-1.3091721782791652,-2.358299488505393,0.11122432080421336,0.01103187188120368,-1.3390547432231321,-0.03290064111621431,-0.7277919854541993,-2.08230121487455,-1.1052422351996807,0.9734464221600126,0.9500526992438437,-0.6743402275326623,round_4,phase2,21,1,D1_3
-0.45840260137871325,1.5605417324604585,-1.9717803957634887,-0.6708102264913635,0.7409075835690911,-0.9549719870852621,-2.045107988557422,4.654404688516672,0.8111388248953304,-2.004682835251908,-0.28592437984469865,2.44716882334214,-0.08397636549801092,round_4,phase1,21,1,D1_3
-0.23513297534065095,0.2810898988722775,-1.511451286916121,-0.6717551937468702,0.4051642768778926,-0.6352161538070932,0.11602077064177999,0.19667549050679273,1.3183436973965001,-0.6703688783857784,-0.1156752192865598,0.6372781787029504,-0.03738483353779659,round_1,phase3,21,1,D1_3
-0.23316611457919673,-0.9483085490300935,-1.582441300533147,0.7989587542309446,-0.2231919974096208,-0.5523590943712758,0.7440294627605519,-0.3862329676940736,1.2056802438278402,-1.0867479641141138,-0.7025984972867669,-0.36862599698939996,-0.3950064137977827,round_1,phase2,21,1,D1_3
-0.3307374746647251,-0.7352931691325595,0.3632886682907435,-0.668934494829832,-0.10021463620024602,0.37268127012474966,0.9270480206353675,-0.9464986958419735,0.4134514870102457,-0.25909794281355447,-0.6839925253829893,0.6428663433996652,-0.38719708390928564,round_1,phase1,21,1,D1_3
-0.795801086819317,-1.046008673024423,1.051112284003739,1.2973773587143802,-0.4411802678181343,-0.275290893512575,0.4727384773687421,-0.6096829842729712,0.7335121137006574,-0.7431791614650729,0.5954323836234453,1.2462394996392918,-1.0090234696176599,round_3,phase3,22,0,D1_3
-1.2849404075110946,-0.7573817382744036,0.0376133226033508,0.8467316938407475,-0.16187468890503987,-1.4695002801998664,0.8093316647609912,-0.29501009619284596,1.185971168084306,-1.1058066116396852,0.002320898415759913,-1.0056798643751887,-0.9083650153153726,round_3,phase2,22,0,D1_3
-1.1955069579034225,-1.4904722686117076,0.9640539624092039,1.4424320308538303,-0.37850019239824206,-0.9014277067829799,0.13010899095071488,-0.35380109521855474,1.173990165647857,-0.7160351637815376,0.8051842576104128,0.532029976778414,-0.5274657579223868,round_3,phase1,22,0,D1_3
0.7590172351087138,-0.6921929337837724,1.6441891016473689,1.845255081070178,-0.7611180888690597,-1.204645866426817,0.859589980381563,0.3816323097592067,0.9776714406475313,-0.44962012057076367,0.8761366380881247,0.2836742935542354,0.08965816696303475,round_2,phase3,22,0,D1_3
-1.0191116193849408,-2.420075530224253,1.4663874389410234,-0.46680815248633223,0.1282242902460563,-0.6927467058229551,0.6232915802515137,-0.3038555595364288,0.4399393506493648,-0.8734098142892244,-0.34890119976927064,-0.069416294565369,0.17183309373817723,round_2,phase2,22,0,D1_3
-1.0810961963074914,-1.4761221619660498,0.4186325065944098,-0.663665991734661,-0.47732315969580014,-1.0260368376455986,0.6322646149229927,-0.3795490314025201,1.1982609315980512,-0.44205413971321894,-0.6238267320150905,0.881937085919864,0.7148098360115395,round_2,phase1,22,0,D1_3
-1.401177227580662,-1.7104896709231618,-0.2485895267735227,-0.7136245631276702,-0.3885700225793254,-0.8880770119296453,0.6657352125584152,-0.8056853637414756,0.45588899336798455,-3.0955733085597856,0.0750685614914851,0.00415897865334657,-0.07118891612277402,round_4,phase3,22,0,D1_3
-1.6689181113526073,-1.7837183784328368,1.039588965192316,0.8395237151466266,-0.36484041163362135,-0.641332045969425,0.9179261978931169,-0.3001575683001263,0.04975299102303283,-0.8016167048975998,0.7360983603801201,-0.17307629041719647,0.44496042388612367,round_4,phase2,22,0,D1_3
-1.2756632111526303,-0.32220347650635567,0.8887425727630995,1.7690507649125315,-0.38883109377258857,-1.4901546659852254,0.23540313854504102,1.6570554881273611,0.8021323213764825,-1.5656620788568305,0.48856314133518153,0.9733174154484738,0.0825930075241305,round_4,phase1,22,0,D1_3
-0.6563057704381056,0.4311767989126452,2.15077993368193,0.47548220337541103,0.05138324872250844,-0.975941568154038,0.022442068698902338,3.650323263126394,0.2172670535007472,-0.2509421661400248,0.33848478806265525,-0.13960869892981315,3.566311311449257,round_1,phase3,22,0,D1_3
-0.7385164001150937,-1.6876636962932399,3.00833327978453,-0.43547657512221194,0.5994099580586498,-1.4028866836894907,0.6417055178485364,0.7942265089700319,1.0528188413281538,-0.3877669834633051,0.24944413477816396,-0.23325259352813166,-0.4020523352003603,round_1,phase2,22,0,D1_3
-0.5103086029004303,-1.5715068884011298,1.2134412155662329,-0.6080648529038705,0.14022375887562377,-1.405131476583557,0.6240450171748883,-0.7232050343553882,1.0454751409101968,0.16574265217642012,0.06469198772601523,0.4187051128365515,1.110269582321117,round_1,phase1,22,0,D1_3
-1.3805341678217036,0.20182356368728369,4.43034412137119,0.8794809568194675,-0.7410342727328812,-0.6051698085016601,1.0569871880898276,0.2912836172557406,-0.3524441176669173,0.3306944799795408,-1.3861849389072929,2.8051973092761595,0.5753994962016752,round_3,phase3,23,0,D1_3
-1.3746965550195531,0.6950683733342444,3.3014888297773624,0.3281187331383415,-0.39383009588150675,-0.3318900774724976,0.30081795789473026,-0.11693074565275606,0.5606269273816715,0.03251260035430029,1.8459207200097734,0.6836072699849681,0.20807536082921418,round_3,phase2,23,0,D1_3
-1.2796833371221827,2.3796533046167974,3.8726862496101733,2.0900252732579254,-0.5532441134905824,-1.0261307808396,0.6709365271756211,-0.9520299119759794,0.8868155384435443,0.2775239941698948,-0.4985083913271434,2.324404528685197,-0.1190844565895355,round_3,phase1,23,0,D1_3
-0.9822306578374113,1.2745931450709533,2.4574019519117196,-0.8168576068274701,-0.09422148095553852,-0.9921705847064808,0.9287771075513594,-1.4768978464083233,0.3581472574716005,0.3300653008169245,0.452576899699811,1.4113226258394764,1.2583017787369557,round_2,phase3,23,0,D1_3
-1.7357356852126635,-0.3704459874040515,2.64562365211892,-0.7201639321469895,-0.4669230912074973,2.0966900756837155,0.875684097431065,4.426099333650374,1.3421861610527266,-0.5222066230987114,0.47310209649227725,3.3517041101703713,-1.1982946362917737,round_2,phase2,23,0,D1_3
-1.3572732181535172,3.037382501971644,2.696943280667084,1.517148572162828,-0.752438976904969,-0.17861304866065808,0.6532917971891835,-1.511638329332057,0.5076627188506638,0.030523780442545362,-0.5379507141607288,1.6447004489757968,-0.8722644592243255,round_2,phase1,23,0,D1_3
-1.4577233209093508,1.3770211413111144,6.060827131980278,0.18465104714777153,-0.3346054505448886,-0.812681677348813,0.6300370853549309,0.7466911973074715,-0.23847993442281168,-1.9652374583111865,0.2974353505773301,-0.34251829699728914,-0.2308265930281189,round_4,phase3,23,0,D1_3
-1.6224260338723262,3.350277336071254,4.04479856784401,0.22901203613777363,-0.8148796437972858,-0.838995551020155,-3.3051610787322514,-0.5083391607835988,-0.7167730542038852,0.25873796086765716,-0.46964364128554353,1.4641733283385667,-0.34053332000654646,round_4,phase2,23,0,D1_3
-1.7243051143119017,2.0690511530476554,0.35082280199533766,3.0188619748946173,-0.5851664467946787,0.9435321768604752,-9.188269666173028,-1.1495817327743687,0.5142494574928569,-1.1495942591450476,-0.36271823870412256,1.2598725501137986,-0.3834137779589002,round_4,phase1,23,0,D1_3
-1.2124960262784603,-0.14464157173900466,5.061541685742145,1.2840918739109008,-0.3662524693090646,0.026252969534477012,0.5732877160272175,-0.4945079591628719,0.8842140835679533,0.07309614651534863,1.0927257493474802,2.177585977464485,-0.5735010102837381,round_1,phase3,23,0,D1_3
-0.1304915268727093,0.5200372162575425,2.8747533598676114,1.6499847788413335,-0.22946718339266292,3.048570694923012,0.5816804080076612,-0.8828626715151353,-2.1184499126531757,-0.6206846582806997,2.210000769213231,1.094860819526269,4.5049100014716545,round_1,phase2,23,0,D1_3
-1.1165551536980127,3.1419517308974787,2.8578412365204175,0.9915093405189908,-0.7740931692067553,0.6154285042710781,0.5167931090782629,-0.015597992359560633,0.05668473018349791,-0.012292127468503082,-0.7897533390737219,-0.06060174557043394,-0.3671818478585611,round_1,phase1,23,0,D1_3
-1.6348717868495515,-0.5959032247498582,-0.8578164795232238,1.6745863855266323,-0.8325603941454203,-1.5082167419936408,0.8683395557732344,-0.43132637622864045,0.44383290330151604,-1.660914780048141,0.007685555612071792,0.38947855251604296,0.1572218310827507,round_3,phase3,24,1,D1_3
-1.4938829406296037,-0.8557919358483667,-1.0803265523367747,-0.5107551126073617,-1.0693245092962895,-1.6480484207152306,0.8853828188396434,-0.008301029862712377,1.0742293286472244,-1.8039029278622885,-0.8579293734049853,-0.0003377761881819503,-0.9451511076381506,round_3,phase2,24,1,D1_3
-0.6309866935595317,-0.15948495004040208,-0.9394645024814409,-1.018553351475811,-0.49783971404060107,-1.3286260290812584,0.04348454937818142,-0.24109069763603475,0.6813474292827453,-1.283399647323131,0.2658104526849807,0.7082721433597571,0.05002933030089749,round_3,phase1,24,1,D1_3
-1.5798660372883473,-0.24103288861326466,-0.6571300670089019,1.402749891656092,-0.6755264709179357,-1.243989335071004,0.7313341018143422,-0.8108422831328547,1.3721389233865287,-1.1936127277627342,1.0306724907317633,0.09482367792835436,-0.34592254297621733,round_2,phase3,24,1,D1_3
-1.179665022017168,-0.8478327434683858,-1.0691644513264984,4.494750647533748,-0.8811805111735252,-1.516887573505338,1.0779678659838383,-0.9959883179744,0.8903961651946053,-1.5095949257977488,0.031244988106938727,1.109135473523862,-0.4694834323991063,round_2,phase2,24,1,D1_3
-0.7117414414655493,-1.1144826804017947,-1.2385115230617005,1.7293027380819748,-0.5828041593688433,0.4780546333847152,0.6047509107335575,-0.535322141121948,0.0719279779780863,-1.0698885693606544,0.20608484607234678,0.7900343373070499,-0.014705021917754114,round_2,phase1,24,1,D1_3
-1.7521220865669536,0.6459027248980128,-1.634535434309547,-0.5013056224323773,-0.4523920196078759,-1.2136845844946142,0.12532783988903629,0.4763196640821082,1.0080700977752923,-3.963808582747801,2.261226916329578,-0.523534001688817,-0.9801453770561834,round_4,phase3,24,1,D1_3
-1.7609818182676535,-1.2425784650584264,-2.0389907806842373,0.6186358823413038,-1.115988687584664,-1.0233474055088587,0.2541636424358146,1.025042752481811,0.9017062452249699,-1.9291469727700135,-1.529669184514936,1.273624284455822,1.8089990243520824,round_4,phase2,24,1,D1_3
-1.4446679327607963,0.9174383658915379,-1.9296992612539463,2.1155007150877636,-0.9416747718876896,-1.2632862571838595,0.8131947818404753,-0.7095853080578841,0.22473085630873577,-2.216833102693622,-0.6759275721893758,3.545203697911165,-0.3925332713113396,round_4,phase1,24,1,D1_3
-1.2235884633900136,-0.7859188647462034,0.44812676817679176,-1.227041144111152,-0.26724339092952554,-1.2575608714601698,0.07773993828866925,-0.9285623433280891,1.377193196996401,-1.2328117478659764,0.7396106605396587,0.5980359851699993,-0.5289660491734651,round_1,phase3,24,1,D1_3
-1.5631786456367773,-0.14116391385345986,0.9983976995662662,1.401292220492759,-0.18609212569006628,-1.0092239786041364,1.0334920181636567,-0.4849659063779724,1.8511733901605478,-1.5022272978281581,2.443521749258649,-0.47656137447689606,-0.8450444559582114,round_1,phase2,24,1,D1_3
-1.2771163514707486,-1.140492094806193,-0.22120384993661177,-0.3343589620370655,-0.4737257556064589,-1.587930982927441,0.7644467239559313,-0.7308355321130385,0.7821521265105713,-0.9227961769994615,0.19685820702872944,0.5386375608611398,-0.711919538589738,round_1,phase1,24,1,D1_3
1.563590696724357,3.686562803395021,-0.33885099376665906,-0.28123984905893634,-1.201105019095769,-1.03034689307011,0.2908642109545169,0.08017700998756906,1.2484806306630807,-0.690883656014954,-1.176041521101714,-0.7118184890864416,-0.7501011738745087,round_3,phase3,25,0,D1_5
1.3324773397343945,3.4210231678462057,-1.3497456140582809,-1.5727763754935986,-0.7714802776155867,0.3013453313970992,0.11984000890116289,0.5330233222738421,0.9276487788786181,-1.3789844425888826,5.302631765247905,1.2892334586539254,-0.5113366449477217,round_3,phase2,25,0,D1_5
-0.23827464172663704,-0.7744764189511163,-0.9815872616821005,-1.880354676844973,-0.5498994778002931,-1.0285255350885951,0.7947503412799957,-0.8373541306319159,1.0492623224455853,-2.534706203208448,0.6539274294568476,0.5749714575654402,0.8116232539814059,round_3,phase1,25,0,D1_5
1.3287878881350663,0.2574965736428462,-1.14955445347865,-0.14438550173257847,-1.0527970479666724,-0.14922663099426897,-2.111921995346276,-0.563500678999935,1.155160407859549,-1.04426045524356,-0.8152064925333039,1.6356355798603506,-1.0838395754013839,round_2,phase3,25,0,D1_5
-0.46238080982773355,5.611660326262383,0.5056816350793423,0.5437532321354971,-0.07944704732209718,0.2566775373442406,-0.18128381166208768,0.5307660540090487,0.3008965864135403,-1.4091376332153907,1.4051256045657523,2.379874349120892,-0.7487812270321205,round_2,phase2,25,0,D1_5
-0.8650232788790735,-0.04649180973987725,-1.4670514015358609,-2.3786039894717455,-0.7195875301081422,-1.430206980478283,0.703945817188774,-0.4528828745096241,0.4088657940902908,-1.1772403447660178,-0.4444310635779653,0.9769138999760907,0.45623389425913824,round_2,phase1,25,0,D1_5
1.0388636188746556,1.1378751189218015,0.6584240910252097,-2.09965921666591,-0.8676593047211805,-0.4616859153417666,-1.9284720333282357,-0.5603897826750116,-0.16430097950140632,-0.6274051577915633,-0.698523453906206,3.578912917266572,1.3535541949612455,round_4,phase3,25,0,D1_5
-0.9731016372079199,2.6936360433394024,-0.5669429373574355,-0.07863765383842548,-0.383872081162493,0.29617967840395143,0.8901751207297649,-0.404774215727255,-0.39644075064469125,-0.8894907263555317,0.12879219202684175,1.8609370470954234,0.02117145649449656,round_4,phase2,25,0,D1_5
-0.30686486707988714,1.5502403171715944,-0.8245053598335014,-0.7702146702587387,-0.9518129478306492,-1.048161201699603,0.4076099016874632,-0.17191257576477095,1.0861694341351802,-0.8162855094334859,-1.0471261656007804,0.003261756521590571,-0.39934561498537086,round_4,phase1,25,0,D1_5
0.7386471087077794,-0.31359556049513276,-1.5223216129440222,-1.4275062633741984,-0.9057990690702037,-0.6346336670574492,0.39850688801139084,-0.5045337932253955,0.3489989097102105,-1.9495283269683552,-0.9967381453494377,1.9366139983933854,0.9227646580307051,round_1,phase3,25,0,D1_5
-0.7199297351810783,1.3232140912344474,-2.42453352597239,0.6554017851288294,-0.17892874537975678,-0.6949185134245935,0.3423050385964722,0.26313031895615485,1.2466914473374562,-1.3766515075168044,1.4305560534460338,0.36524352876765226,-0.19421474794914842,round_1,phase2,25,0,D1_5
0.6821791020202265,-0.46210572267087185,-2.06052117246362,-0.2806192802178237,-0.22819402523413113,-1.074760168443538,0.5485721717948124,-1.0056620347254597,0.5088271534826087,-2.3317889140460952,3.6677048532691052,0.15397321445622095,-0.19582430294892428,round_1,phase1,25,0,D1_5
0.3948805772379148,1.7740795323767407,5.616556663674377,0.45697588818392637,-0.8862337338646347,-0.9256763137586667,0.19087867839192552,-0.45622794683924484,-0.6522773608040058,-0.2607111942627994,-1.438012903124257,2.362686875252155,-0.005922941279498392,round_3,phase3,26,1,D1_5
-0.9101607881462124,1.185776332651827,5.503613916847624,2.616089610667055,-0.4858822597544422,3.807750584436711,0.8493510633125437,-0.7801655151555432,0.4482680282215276,-0.8595690856766469,0.8695455305469533,-0.7047573162867719,-1.5036795448958886,round_3,phase2,26,1,D1_5
-0.7935711436740788,3.0374912993156014,4.492440126463012,0.8444391908486975,-0.5838011061040503,-1.4099271809145353,0.14532798186734783,-0.6884355276274235,0.25774250239277957,-2.584205644649487,-0.8046230862015354,-0.4755370385498836,-0.8971192646377185,round_3,phase1,26,1,D1_5
-0.3606055739447706,-0.7790671602024112,3.996338271479774,0.38933606893862177,-0.8412122081982538,0.1942265014631551,1.001782415413944,-0.7462666720050981,0.06044904579512933,-0.5960578720541532,-0.5565881014191785,1.9670026191822423,-0.8996107764562588,round_2,phase3,26,1,D1_5
0.4271439726589893,1.2496046849334794,3.1831873023243,-1.8956537298417826,-0.18881069489177407,-0.3932364136071055,-0.14702397351832486,-0.6438398329713929,0.743590125133614,-1.2750022286546503,-0.6682791547545311,-0.7226064575433874,-0.5619637802116281,round_2,phase2,26,1,D1_5
-0.8758984952340856,0.3130282544933542,4.924007597099763,1.426708575447513,-0.9581067190148487,1.8179514100638903,0.939672221243911,-0.6367706294950388,1.3579621394376584,-0.9566591654170316,-0.6261721533578625,1.9446743177042156,-0.8921168638473143,round_2,phase1,26,1,D1_5
-0.8144017130516293,-0.9644385439249602,2.578960828091867,-1.337201386767835,-0.9172721680769598,0.35959950049654726,1.0846897402163724,-0.38218459107459757,0.6758378547515334,-0.8465533820270621,0.001319672102293785,0.4960709188028869,-0.7664610505641296,round_4,phase3,26,1,D1_5
-0.25391492322367576,0.4227217258795119,0.6989032036819857,-0.2173253276775539,-0.39310742042343283,-0.9254815599858419,0.8895248724281151,-0.6953091955020919,0.12382898666505973,-1.2399757005084817,-0.06508425328022217,0.07902366141785093,0.0520511474219213,round_4,phase2,26,1,D1_5
-0.79855981400342,1.2850307060730521,2.652939030862192,-1.0838074008262526,-0.583029256330437,0.4201747400134416,0.6947938810767267,-1.0959433321251,0.12256415436004392,-0.7185756603433562,-0.7559404746148921,2.049647099197057,0.46542276836758417,round_4,phase1,26,1,D1_5
-0.2958592875386386,1.469017703656471,3.6969335139769774,-0.20596051086052086,-0.6198972596262248,0.43800877600494514,0.5415008153030197,-0.24330596157652748,-0.665460739485206,-2.243207933532489,0.10439344509316124,2.4283082001152656,-0.8992257090417709,round_1,phase3,26,1,D1_5
-0.4131402417173854,3.75143824792209,1.8076159751223908,-1.336313239494438,-0.5357408349123732,1.4137443893570303,1.0249760074890952,-1.460207359631299,-1.6259683053970626,-1.2116159271128868,-0.791538637468802,1.9134618779891208,1.4524719562591015,round_1,phase2,26,1,D1_5
-1.346134895486091,-0.3093936662349856,2.119018074023913,-0.07258841441068475,-0.7151511889292382,0.6844948085855455,0.3522767951631367,-1.0170191485051328,0.4332962303024332,-2.27101272274993,-0.21508379363342733,0.6346682314587523,-0.2967983814475389,round_1,phase1,26,1,D1_5
