Round,Phase,Individual,Puzzler,Cohort,cluster,prob_cluster_0,prob_cluster_1,prob_cluster_2,prob_cluster_3,prob_cluster_4,prob_cluster_5
round_3,phase3,1,1,D1_4,3,3.0280676e-09,0.0,8.308673e-19,1.0,0.0,0.0
round_3,phase2,1,1,D1_4,3,0.017609702,0.0,1.348807e-31,0.9823899,3.709563e-28,4.533262e-27
round_3,phase1,1,1,D1_4,0,1.0,0.0,0.0,0.0,9.1187e-41,0.0
round_2,phase3,1,1,D1_4,5,1.0907314e-09,8.363346e-24,0.0,0.0,2.3737937e-06,0.9999981
round_2,phase2,1,1,D1_4,3,0.0004939206,0.0,1.6344914e-10,0.9995061,2.550135e-29,0.0
round_2,phase1,1,1,D1_4,1,3.5877648e-10,1.0,0.0,0.0,5.6622673e-10,0.0
round_4,phase3,1,1,D1_4,2,7.292838e-30,7.6781717e-19,1.0,1.096911e-24,0.0,3.4422802e-29
round_4,phase2,1,1,D1_4,1,0.009973346,0.99002695,1.2656306e-27,8.547645e-24,7.024828e-24,0.0
round_4,phase1,1,1,D1_4,0,1.0,2.4310845e-20,0.0,1.06380745e-13,1.1017073e-11,6.3689968e-27
round_1,phase3,1,1,D1_4,0,0.99980307,6.5420766e-36,0.0,0.0,0.00019667791,0.0
round_1,phase2,1,1,D1_4,0,1.0,0.0,2.4592604e-22,4.4897172e-10,4.1107397e-26,0.0
round_1,phase1,1,1,D1_4,0,1.0,2.4380734e-16,0.0,6.9765477e-38,8.2778385e-24,0.0
round_3,phase3,2,0,D1_4,3,1.17330945e-11,0.0,1.4350482e-30,1.0,0.0,0.0
round_3,phase2,2,0,D1_4,0,1.0,4.143066e-38,0.0,4.924e-42,8.3986415e-13,0.0
round_3,phase1,2,0,D1_4,4,0.006126075,1.0751565e-33,0.0,0.0,0.9938743,0.0
round_2,phase3,2,0,D1_4,4,5.779102e-10,3.55309e-40,0.0,4.6355892e-31,1.0,1.0841128e-13
round_2,phase2,2,0,D1_4,2,4.671266e-25,3.9758168e-22,0.9997063,4.820779e-18,0.0,0.00029380646
round_2,phase1,2,0,D1_4,2,6.386432e-11,2.2620758e-10,1.0,3.037192e-26,0.0,0.0
round_4,phase3,2,0,D1_4,4,1.7325093e-06,7.712927e-27,0.0,0.0,0.9999981,0.0
round_4,phase2,2,0,D1_4,2,2.2550804e-32,3.5823244e-31,1.0,3.4108013e-16,0.0,2.3134e-41
round_4,phase1,2,0,D1_4,0,0.9999752,0.0,0.0,2.2141738e-05,2.7183876e-06,0.0
round_1,phase3,2,0,D1_4,1,1.401035e-12,1.0,7.8e-44,0.0,1.2318003e-38,0.0
round_1,phase2,2,0,D1_4,3,0.0146507295,0.0,5.355941e-17,0.9853493,2.7509193e-17,6.0366366e-24
round_1,phase1,2,0,D1_4,4,0.0015148054,1.144e-41,0.0,7.3027816e-36,0.9984848,8.990066e-32
round_3,phase3,3,1,D1_4,1,5.6729723e-09,0.9999943,5.3507733e-06,1.3467443e-25,6.2864366e-37,0.0
round_3,phase2,3,1,D1_4,0,1.0,1.202e-42,2.0238218e-09,9.237585e-14,2.6376262e-22,0.0
round_3,phase1,3,1,D1_4,4,0.0002983137,2.2779947e-15,0.0,0.0,0.99970156,2.4189e-41
round_2,phase3,3,1,D1_4,4,1.5978626e-06,3.9056906e-37,0.0,0.0,0.99999857,0.0
round_2,phase2,3,1,D1_4,3,0.0006476416,5.876114e-25,0.00032978432,0.9990226,6.4299464e-29,0.0
round_2,phase1,3,1,D1_4,1,8.5646906e-11,1.0,0.0,0.0,5.7186686e-08,0.0
round_4,phase3,3,1,D1_4,4,6.9980295e-16,0.0,0.0,0.0,1.0,4.0493373e-35
round_4,phase2,3,1,D1_4,3,6.0554165e-22,3.101311e-29,1.2783938e-17,1.0,0.0,0.0
round_4,phase1,3,1,D1_4,0,1.0,0.0,0.0,0.0,2.5006132e-12,0.0
round_1,phase3,3,1,D1_4,5,1.0022512e-19,3.1695896e-16,0.019433465,1.0835538e-07,0.0,0.9805666
round_1,phase2,3,1,D1_4,2,4.1763866e-24,1.6619144e-20,1.0,2.58357e-09,0.0,2.1411158e-20
round_1,phase1,3,1,D1_4,5,3.5839415e-10,1.0516722e-36,2.54e-43,1.260102e-39,3.0497124e-06,0.99999714
round_3,phase3,4,0,D1_4,1,2.9302485e-10,1.0,0.0,0.0,4.1759725e-09,0.0
round_3,phase2,4,0,D1_4,1,4.301938e-09,0.99326885,0.006731088,3.640728e-21,1.1e-43,0.0
round_3,phase1,4,0,D1_4,0,1.0,0.0,0.0,0.0,1.6668421e-19,0.0
round_2,phase3,4,0,D1_4,4,3.312601e-06,1.118667e-28,0.0,0.0,0.99999714,0.0
round_2,phase2,4,0,D1_4,2,5.1416354e-11,8.126e-42,0.99999905,4.9520247e-07,0.0,0.0
round_2,phase1,4,0,D1_4,4,1.3960057e-06,3.6868e-41,0.0,0.0,0.99999905,2.2224788e-13
round_4,phase3,4,0,D1_4,3,0.00075824605,3.236382e-33,0.0,0.99924165,4.8596612e-34,4.297624e-09
round_4,phase2,4,0,D1_4,2,2.7862981e-33,1.1e-44,1.0,2.425006e-22,0.0,9.276859e-39
round_4,phase1,4,0,D1_4,5,4.7169118e-09,1e-45,0.0,1.849595e-39,0.00053911156,0.9994613
round_1,phase3,4,0,D1_4,0,0.99993753,6.254164e-05,5.2594556e-28,8.75564e-20,1.7333306e-08,0.0
round_1,phase2,4,0,D1_4,0,1.0,3.6e-44,0.0,1.0113534e-19,1.3681664e-10,0.0
round_1,phase1,4,0,D1_4,4,1.39846625e-05,2.1951008e-23,0.0,0.0,0.9999857,9.768874e-23
round_3,phase3,5,0,D1_6,3,3.274463e-14,7.450158e-24,1.3117534e-14,1.0,0.0,1.12e-43
round_3,phase2,5,0,D1_6,2,3.1235463e-12,2.745276e-27,1.0,1.3467978e-07,0.0,0.0
round_3,phase1,5,0,D1_6,4,1.652383e-07,5.3094095e-35,0.0,0.0,1.0,2.4003673e-15
round_2,phase3,5,0,D1_6,4,1.9745868e-07,1.1521236e-12,0.0,0.0,1.0,0.0
round_2,phase2,5,0,D1_6,1,4.3196096e-08,1.0,7.0436396e-16,1.5e-44,1.5778125e-30,0.0
round_2,phase1,5,0,D1_6,1,1.2116367e-05,0.9999881,1.4034872e-35,0.0,2.378709e-38,0.0
round_4,phase3,5,0,D1_6,2,3.7212104e-37,3.3583248e-35,1.0,1.1780462e-21,0.0,0.0
round_4,phase2,5,0,D1_6,0,1.0,0.0,0.0,0.0,3.9764056e-12,0.0
round_4,phase1,5,0,D1_6,1,1.3093384e-07,1.0,0.0,0.0,9.082116e-21,0.0
round_1,phase3,5,0,D1_6,4,6.159974e-05,4.5997395e-25,0.0,0.0,0.999938,0.0
round_1,phase2,5,0,D1_6,3,5.6571054e-07,0.0,1.1831289e-09,0.99999905,1.5111321e-26,3.0970182e-15
round_1,phase1,5,0,D1_6,3,1.0848349e-09,0.0,0.0,1.0,8.019215e-30,0.0
round_3,phase3,6,1,D1_6,2,3.7753804e-33,1.6398291e-35,1.0,3.118046e-16,0.0,0.0
round_3,phase2,6,1,D1_6,4,8.769423e-10,1.1318967e-28,0.0,0.0,1.0,1.3909431e-24
round_3,phase1,6,1,D1_6,1,3.0797454e-16,1.0,4.13e-43,0.0,7.716e-42,0.0
round_2,phase3,6,1,D1_6,4,0.41601372,8.753089e-23,3.7427188e-31,3.163038e-34,0.5839864,0.0
round_2,phase2,6,1,D1_6,0,1.0,7.6102e-41,0.0,0.0,3.4398425e-08,0.0
round_2,phase1,6,1,D1_6,3,6.0878245e-09,0.0,1.5153028e-22,1.0,1.86857e-34,0.0
round_4,phase3,6,1,D1_6,3,1.4433929e-08,1.7734442e-19,1.939439e-16,1.0,2.03e-43,5.785943e-39
round_4,phase2,6,1,D1_6,3,0.000116191346,1.6458575e-28,1.5015406e-20,0.99988365,3.707825e-27,2.3609095e-30
round_4,phase1,6,1,D1_6,0,0.83383614,1.0981195e-19,0.0,0.16616388,1.8424782e-36,0.0
round_1,phase3,6,1,D1_6,3,4.7120595e-15,1.210281e-31,2.4107618e-17,0.9999988,4.032746e-37,1.1286153e-06
round_1,phase2,6,1,D1_6,2,1.1303753e-25,2e-44,1.0,7.808006e-14,0.0,2.34233e-31
round_1,phase1,6,1,D1_6,4,5.1991297e-05,0.0,0.0,2.74227e-36,0.999948,6.4318395e-09
round_3,phase3,7,1,D1_1,5,4.3973722e-14,2.33371e-40,0.0,0.0,2.3385464e-07,1.0
round_3,phase2,7,1,D1_1,1,0.0014708856,0.9984824,0.0,0.0,4.6696034e-05,0.0
round_3,phase1,7,1,D1_1,0,1.0,2.9584e-41,0.0,5.3933404e-16,3.969471e-35,0.0
round_2,phase3,7,1,D1_1,1,4.2020998e-05,0.99995804,0.0,4.6222155e-34,7.175552e-16,7.8665975e-38
round_2,phase2,7,1,D1_1,1,1.1496072e-06,0.99999905,8.60912e-12,1.82e-43,5.153236e-39,0.0
round_2,phase1,7,1,D1_1,4,3.710313e-13,2.5051055e-38,0.0,0.0,1.0,9.12e-43
round_4,phase3,7,1,D1_1,0,1.0,0.0,0.0,0.0,3.8860685e-32,0.0
round_4,phase2,7,1,D1_1,0,0.9996801,0.0,3.5e-43,0.000319942,5.1891395e-12,0.0
round_4,phase1,7,1,D1_1,0,1.0,1.0701892e-10,8.1518775e-36,4.55873e-30,1.5856363e-10,0.0
round_1,phase3,7,1,D1_1,5,1.6319892e-11,3.1226318e-29,2.1855133e-19,1.3430156e-16,2.8547363e-25,1.0
round_1,phase2,7,1,D1_1,2,6.880117e-28,4.0170987e-38,1.0,6.78695e-21,0.0,1.06e-43
round_1,phase1,7,1,D1_1,2,1.9557461e-24,2.0361201e-19,1.0,1.856357e-19,0.0,5.5616732e-14
round_3,phase3,8,0,D1_1,5,4.573202e-16,7.0270984e-26,0.00014907843,1.28933195e-14,2.2238504e-30,0.9998512
round_3,phase2,8,0,D1_1,5,9.404189e-12,0.0,0.0,0.0,1.9047304e-30,1.0
round_3,phase1,8,0,D1_1,1,1.7226908e-05,0.99998283,8.930805e-30,0.0,7.021777e-23,0.0
round_2,phase3,8,0,D1_1,3,2.5277514e-11,0.0,1.2218927e-23,1.0,0.0,0.0
round_2,phase2,8,0,D1_1,5,1.0311301e-14,3.7744366e-22,3.4691814e-07,8.2590496e-14,8.876317e-32,1.0
round_2,phase1,8,0,D1_1,0,1.0,1.5099948e-10,0.0,6.392053e-25,5.854902e-10,0.0
round_4,phase3,8,0,D1_1,4,1.8111644e-10,0.0,0.0,0.0,1.0,4.656943e-25
round_4,phase2,8,0,D1_1,2,0.0,0.0,1.0,1.2281056e-19,0.0,0.0
round_4,phase1,8,0,D1_1,4,3.942013e-06,3.2525738e-31,0.0,2.91833e-40,0.9999962,1.1177314e-38
round_1,phase3,8,0,D1_1,5,3.3528275e-16,4.3629905e-34,1.19e-43,1.67893e-10,2.3146219e-27,1.0
round_1,phase2,8,0,D1_1,2,4.6912396e-10,0.0024914457,0.9975083,1.2562823e-23,0.0,0.0
round_1,phase1,8,0,D1_1,1,0.2506638,0.7493362,7.619175e-34,2.742922e-26,2.9622803e-17,0.0
round_3,phase3,9,1,D1_1,0,1.0,0.0,0.0,1e-45,1.9349627e-14,0.0
round_3,phase2,9,1,D1_1,3,1.3423487e-10,0.0,8.0069875e-30,1.0,1.2843729e-38,0.0
round_3,phase1,9,1,D1_1,2,5.5862035e-09,1.3405331e-16,1.0,3.0981106e-19,0.0,0.0
round_2,phase3,9,1,D1_1,5,1.5225317e-10,0.0,0.0,0.0,0.0022410045,0.9977585
round_2,phase2,9,1,D1_1,3,3.309677e-06,0.0,2.1e-44,0.99999714,4.6294172e-18,1.447486e-13
round_2,phase1,9,1,D1_1,3,2.6540193e-13,0.0,1.4850037e-28,1.0,1.6526051e-24,5.387129e-09
round_4,phase3,9,1,D1_1,3,2.480265e-07,0.0,1.2634676e-15,1.0,0.0,0.0
round_4,phase2,9,1,D1_1,0,0.9999995,4.7563753e-16,5.6842773e-25,2.7772595e-07,1.5543838e-28,0.0
round_4,phase1,9,1,D1_1,1,0.004112158,0.99588764,1.0141306e-35,3.4e-44,1.7341498e-09,0.0
round_1,phase3,9,1,D1_1,2,8.30581e-29,1.6194439e-29,1.0,8.626346e-27,0.0,2.3262277e-26
round_1,phase2,9,1,D1_1,4,1.4554977e-06,2.8215908e-21,0.0,0.0,0.9999981,3.2153776e-32
round_1,phase1,9,1,D1_1,0,1.0,0.0,0.0,1.352374e-36,1.03761596e-16,0.0
round_3,phase3,10,1,D1_1,0,0.9052233,0.0,0.0,3.2718868e-24,0.0947767,0.0
round_3,phase2,10,1,D1_1,0,1.0,0.0,0.0,9.305393e-16,1e-45,0.0
round_3,phase1,10,1,D1_1,4,0.010960297,2.2557108e-15,0.0,1.251e-42,0.98903984,0.0
round_2,phase3,10,1,D1_1,1,4.9012144e-08,1.0,7.916145e-31,0.0,4.2695136e-30,0.0
round_2,phase2,10,1,D1_1,2,1.2375311e-06,0.0,0.9922889,0.007709646,1.3e-44,0.0
round_2,phase1,10,1,D1_1,1,0.00041852627,0.9995814,0.0,0.0,2.8628895e-09,0.0
round_4,phase3,10,1,D1_1,4,3.3485847e-08,0.0,0.0,0.0,1.0,1.0311451e-23
round_4,phase2,10,1,D1_1,3,5.512315e-09,1.069003e-39,1.2774894e-21,0.99964815,3.0253774e-24,0.00035174258
round_4,phase1,10,1,D1_1,5,1.3912958e-13,8.2623753e-25,0.0,0.0,2.8587872e-12,1.0
round_1,phase3,10,1,D1_1,2,1.7727547e-26,7.128818e-23,1.0,2.1334437e-20,0.0,1.2536569e-11
round_1,phase2,10,1,D1_1,1,3.0715054e-07,0.9999981,1.8880501e-06,4.6776286e-34,1.1056297e-36,0.0
round_1,phase1,10,1,D1_1,0,1.0,1.2499459e-27,1.9348516e-07,5.4283386e-19,2.473756e-25,0.0
round_3,phase3,11,0,D1_1,4,6.6633152e-09,0.0010875169,0.0,0.0,0.99891245,0.0
round_3,phase2,11,0,D1_1,3,2.983136e-16,9.209719e-25,5.655587e-21,1.0,0.0,1.7189322e-13
round_3,phase1,11,0,D1_1,0,0.9998722,0.0,0.0,8.328883e-05,4.442952e-05,0.0
round_2,phase3,11,0,D1_1,4,2.1004758e-09,2.972938e-10,0.0,0.0,1.0,0.0
round_2,phase2,11,0,D1_1,2,1.7750807e-13,1.3766806e-38,0.9966449,0.0033547624,5.4780025e-38,8.567831e-29
round_2,phase1,11,0,D1_1,0,1.0,0.0,0.0,7.4799177e-16,2.8454338e-37,0.0
round_4,phase3,11,0,D1_1,2,9.273387e-25,2.6829927e-26,0.9999924,3.2962806e-30,0.0,7.710237e-06
round_4,phase2,11,0,D1_1,3,1.0569921e-12,2.4000158e-33,7.1442825e-15,1.0,2.5e-44,0.0
round_4,phase1,11,0,D1_1,4,7.850907e-11,1.4531391e-37,0.0,0.0,1.0,2.9350552e-20
round_1,phase3,11,0,D1_1,1,1.542062e-08,1.0,0.0,0.0,2.002527e-12,5.6751944e-34
round_1,phase2,11,0,D1_1,2,2.336597e-19,0.0,1.0,3.0759068e-08,1.3e-43,0.0
round_1,phase1,11,0,D1_1,0,0.9999738,1.8788669e-37,0.0,2.09e-43,2.6433074e-05,0.0
round_3,phase3,12,0,D1_1,0,1.0,1.8816494e-30,0.0,0.0,4.9454385e-10,0.0
round_3,phase2,12,0,D1_1,0,1.0,0.0,0.0,4e-45,6.3242575e-19,0.0
round_3,phase1,12,0,D1_1,0,1.0,0.0,0.0,3.0595476e-15,3.68798e-40,0.0
round_2,phase3,12,0,D1_1,1,7.9360426e-08,1.0,0.0,0.0,8.9378915e-08,0.0
round_2,phase2,12,0,D1_1,2,2.5768633e-27,0.0,1.0,1.2843226e-10,6.0087804e-35,0.0
round_2,phase1,12,0,D1_1,3,4.4468254e-13,2.2353489e-23,8.289831e-35,1.0,1e-45,1.9092591e-26
round_4,phase3,12,0,D1_1,4,4.6087738e-11,1.1058631e-26,0.0,0.0,1.0,2.1451507e-31
round_4,phase2,12,0,D1_1,0,1.0,0.0,0.0,1.1776264e-13,2.7605136e-12,3.3428016e-24
round_4,phase1,12,0,D1_1,1,1.0701393e-08,1.0,1.3420767e-26,0.0,1.3070154e-37,0.0
round_1,phase3,12,0,D1_1,2,7.873841e-21,7.802551e-23,1.0,2.937151e-19,0.0,6.83085e-40
round_1,phase2,12,0,D1_1,2,8.84547e-29,7.6277384e-23,1.0,3.1479595e-24,0.0,7.8094095e-28
round_1,phase1,12,0,D1_1,4,0.00032115192,3.506746e-22,0.0,0.0,0.9996787,0.0
round_3,phase3,13,1,D1_1,0,1.0,1.06e-43,1.80419e-40,2.812087e-17,6.1123766e-27,0.0
round_3,phase2,13,1,D1_1,0,0.9999714,0.0,0.0,2.8933624e-05,1.1114956e-35,0.0
round_3,phase1,13,1,D1_1,4,1.1465968e-05,5.1039502e-33,0.0,0.0,0.99998856,0.0
round_2,phase3,13,1,D1_1,3,1.3736261e-10,0.0,4.8132633e-33,1.0,0.0,0.0
round_2,phase2,13,1,D1_1,5,2.7735137e-11,3.6317e-41,2.349243e-27,2.425582e-05,5.847739e-17,0.99997616
round_2,phase1,13,1,D1_1,2,2.8822453e-25,4.106846e-29,0.9999981,1.8238068e-29,0.0,1.888466e-06
round_4,phase3,13,1,D1_1,4,0.025722248,1.7656166e-31,0.0,0.0,0.97427744,0.0
round_4,phase2,13,1,D1_1,3,7.1479916e-22,0.0,9.410522e-16,1.0,3.0512535e-27,7.387435e-19
round_4,phase1,13,1,D1_1,4,5.319886e-07,6.645025e-13,0.0,0.0,0.99999905,0.0
round_1,phase3,13,1,D1_1,1,0.00014979456,0.9998503,2.5786202e-22,6.6522e-41,9.566673e-30,0.0
round_1,phase2,13,1,D1_1,0,0.9950261,3.1045056e-15,0.004974025,3.7276874e-23,1.0222636e-28,0.0
round_1,phase1,13,1,D1_1,0,1.0,4.2329485e-28,4.9994426e-28,1.0425137e-20,3.8186604e-10,7.2106206e-12
round_3,phase3,14,0,D1_1,4,5.533122e-08,5.139593e-31,0.0,0.0,1.0,0.0
round_3,phase2,14,0,D1_1,3,3.0403974e-11,0.0,4.7986174e-32,1.0,5.41906e-40,0.0
round_3,phase1,14,0,D1_1,3,9.986335e-12,0.0,6.270441e-21,1.0,0.0,0.0
round_2,phase3,14,0,D1_1,2,7.00229e-27,1.0257256e-26,0.99986076,2.0063722e-28,0.0,0.0001390631
round_2,phase2,14,0,D1_1,1,4.1182306e-09,1.0,1.3627226e-11,4.4910837e-38,8.03085e-37,9.156e-42
round_2,phase1,14,0,D1_1,0,1.0,0.0,0.0,6.5649415e-24,1.2776469e-11,1.1e-44
round_4,phase3,14,0,D1_1,4,1.1618569e-06,1.6591357e-25,0.0,0.0,0.99999905,0.0
round_4,phase2,14,0,D1_1,0,1.0,0.0,3.3374314e-35,1.36033915e-14,1.2802364e-09,0.0
round_4,phase1,14,0,D1_1,0,0.99939173,1.4717161e-22,0.0,0.0,0.00060871494,3.05e-43
round_1,phase3,14,0,D1_1,2,0.010775714,1.1402888e-10,0.98922426,2.3109847e-14,5.193119e-31,0.0
round_1,phase2,14,0,D1_1,3,0.00027327542,3e-45,9.09154e-07,0.9997254,2.814233e-32,1.1403743e-35
round_1,phase1,14,0,D1_1,1,9.316162e-07,0.99999714,1.8058456e-06,4.8057286e-23,2.307728e-34,0.0
round_3,phase3,15,1,D1_2,4,1.7395545e-11,4.646481e-37,0.0,0.0,1.0,6.064497e-16
round_3,phase2,15,1,D1_2,1,7.6317446e-07,0.99999905,2.4665442e-20,2.7e-44,7.81476e-39,0.0
round_3,phase1,15,1,D1_2,0,1.0,0.0,0.0,0.0,8.883254e-26,6.8634165e-10
round_2,phase3,15,1,D1_2,5,9.2714814e-24,1.6556166e-37,4.152345e-12,0.0,2.3021337e-36,1.0
round_2,phase2,15,1,D1_2,3,0.00012243097,0.0,0.004516169,0.9953616,4.3734264e-32,1.4640476e-33
round_2,phase1,15,1,D1_2,4,7.5281577e-07,0.0,0.0,0.0,0.99999905,2.5049707e-07
round_4,phase3,15,1,D1_2,3,1.3778325e-06,5.5931254e-23,0.0,0.99999905,0.0,0.0
round_4,phase2,15,1,D1_2,2,3.499946e-13,0.0,0.99834484,0.0016556216,2.0823e-41,5.3e-44
round_4,phase1,15,1,D1_2,1,2.6588168e-06,0.99999714,1e-44,0.0,3.3632507e-11,0.0
round_1,phase3,15,1,D1_2,5,1.1356641e-20,9.907177e-21,9.534774e-08,1.12000895e-11,0.0,1.0
round_1,phase2,15,1,D1_2,3,9.917986e-22,0.0,4.7318797e-05,0.9999528,1.4054924e-33,1.2781249e-18
round_1,phase1,15,1,D1_2,1,4.136013e-09,1.0,7.299794e-23,8.3e-43,9.303597e-28,1.9287e-41
round_3,phase3,16,0,D1_2,4,6.544522e-10,7.4905e-40,0.0,0.0,1.0,3.2161317e-21
round_3,phase2,16,0,D1_2,1,5.1344355e-06,0.9990639,0.00093112735,3.4204092e-28,7.855562e-38,0.0
round_3,phase1,16,0,D1_2,4,3.1640372e-13,2.9349258e-13,0.0,0.0,1.0,0.0
round_2,phase3,16,0,D1_2,0,1.0,4e-45,0.0,3.3020675e-09,8.3286107e-13,1.9429342e-16
round_2,phase2,16,0,D1_2,1,1.7829176e-07,0.9999981,1.8595675e-06,6.1083336e-23,1.406507e-39,0.0
round_2,phase1,16,0,D1_2,4,2.397235e-10,6.941639e-08,0.0,0.0,1.0,6.901e-42
round_4,phase3,16,0,D1_2,1,1.9957993e-06,0.9999981,0.0,0.0,6.922969e-08,0.0
round_4,phase2,16,0,D1_2,0,1.0,3.258e-42,0.0,1.277914e-20,8.007943e-28,0.0
round_4,phase1,16,0,D1_2,4,4.9816343e-05,0.0,0.0,0.0,0.9999504,0.0
round_1,phase3,16,0,D1_2,2,9.863873e-16,6.67349e-40,1.0,3.3957487e-12,0.0,0.0
round_1,phase2,16,0,D1_2,2,1.4455511e-18,0.0,1.0,8.115485e-09,0.0,2.08234e-33
round_1,phase1,16,0,D1_2,3,8.967041e-19,2.7144852e-18,2.1383477e-21,1.0,8e-44,1.0586022e-08
round_3,phase3,17,0,D1_2,4,4.5053143e-13,1.242957e-26,0.0,0.0,1.0,1.1838009e-25
round_3,phase2,17,0,D1_2,1,1.2888834e-08,1.0,3.498461e-15,5.42232e-40,6.86733e-40,0.0
round_3,phase1,17,0,D1_2,5,1.7567614e-09,0.0,0.0,0.0,3.3109465e-32,1.0
round_2,phase3,17,0,D1_2,4,0.17501156,8.58249e-28,0.0,9.8e-44,0.8249886,0.0
round_2,phase2,17,0,D1_2,2,7.651385e-20,4.4882633e-13,1.0,6.1046717e-17,0.0,7.306374e-14
round_2,phase1,17,0,D1_2,4,1.1521404e-06,1.65e-43,0.0,1.04e-43,0.99999905,1.0487717e-36
round_4,phase3,17,0,D1_2,4,3.160809e-10,2.3379106e-24,0.0,0.0,1.0,4.2e-44
round_4,phase2,17,0,D1_2,2,4.5588585e-12,0.0,0.99998283,1.7305749e-05,2.16e-43,0.0
round_4,phase1,17,0,D1_2,1,0.016329596,0.98367053,1.5551908e-35,0.0,7.218274e-30,0.0
round_1,phase3,17,0,D1_2,2,4.8915607e-18,6.361738e-19,0.99999905,5.072336e-07,0.0,2.5387231e-12
round_1,phase2,17,0,D1_2,2,2.4769519e-14,5.2939354e-36,1.0,8.49377e-09,0.0,0.0
round_1,phase1,17,0,D1_2,0,0.9999976,0.0,8.071813e-39,2.5009418e-16,2.2151357e-06,0.0
round_3,phase3,18,1,D1_2,0,1.0,1.1027965e-33,0.0,6.6515146e-14,5.1901607e-34,0.0
round_3,phase2,18,1,D1_2,0,0.9999981,0.0,0.0,1.820134e-06,1.2476886e-07,1.5617383e-25
round_3,phase1,18,1,D1_2,4,2.0766756e-11,7.257611e-06,0.0,0.0,0.9999924,0.0
round_2,phase3,18,1,D1_2,4,2.668916e-11,0.0,0.0,1.96e-43,1.0,9.777543e-34
round_2,phase2,18,1,D1_2,1,0.00946035,0.9905398,1.3602818e-07,6.1156002e-18,1.6731536e-21,0.0
round_2,phase1,18,1,D1_2,3,4.8349796e-10,0.0,2.8702615e-34,1.0,5.24e-43,0.0
round_4,phase3,18,1,D1_2,1,9.982733e-05,0.99989986,1.05725346e-17,0.0,2.1088178e-31,0.0
round_4,phase2,18,1,D1_2,1,9.821478e-13,1.0,5.9181146e-17,0.0,3.7629537e-35,0.0
round_4,phase1,18,1,D1_2,5,1.2432115e-21,2.1655746e-38,4.4315475e-05,4.922941e-38,4.2640786e-37,0.99995613
round_1,phase3,18,1,D1_2,5,6.423144e-14,4.15716e-21,6.8814434e-09,0.000765117,6.172018e-31,0.999235
round_1,phase2,18,1,D1_2,2,1.8490008e-18,6.2446163e-35,1.0,4.50678e-11,0.0,1.8063786e-37
round_1,phase1,18,1,D1_2,3,9.29285e-13,0.0,2.0097693e-32,1.0,4.494659e-26,1.458874e-18
round_3,phase3,19,1,D1_2,5,7.4749945e-13,1.18782086e-20,7.358948e-25,0.0,1.748284e-17,1.0
round_3,phase2,19,1,D1_2,0,0.99160403,0.0,0.0,0.0083957855,6.499186e-16,8.927984e-36
round_3,phase1,19,1,D1_2,4,3.8924347e-05,4.9074294e-14,0.0,1.41446e-40,0.9999609,0.0
round_2,phase3,19,1,D1_2,0,0.99999905,4.6899973e-17,4.196944e-30,1.026104e-06,6.3428775e-29,0.0
round_2,phase2,19,1,D1_2,1,9.964618e-06,0.99999046,2.616e-42,1.78326e-40,2.9175547e-18,2.07e-43
round_2,phase1,19,1,D1_2,1,2.8990245e-05,0.9999709,4.6043706e-19,9.964652e-33,1.2388088e-21,0.0
round_4,phase3,19,1,D1_2,3,1.1920896e-17,7.826309e-38,2.323384e-12,1.0,0.0,0.0
round_4,phase2,19,1,D1_2,1,6.7367736e-08,1.0,4.3862245e-17,0.0,1.4880954e-34,0.0
round_4,phase1,19,1,D1_2,5,7.841369e-16,4.9896546e-26,3.2557998e-17,1.317e-42,8.902668e-24,1.0
round_1,phase3,19,1,D1_2,3,0.0008200585,0.0,5.809927e-21,0.9991802,2.1824e-24,3.2509654e-36
round_1,phase2,19,1,D1_2,0,0.9999995,0.0,0.0,5.026349e-07,7.0253815e-34,2.3961248e-28
round_1,phase1,19,1,D1_2,0,0.9970404,3.6690187e-20,0.0,5.665813e-13,0.002959575,2.1430639e-32
round_3,phase3,20,0,D1_2,0,1.0,2.0632036e-12,0.0,0.0,5.826258e-11,0.0
round_3,phase2,20,0,D1_2,2,6.6070285e-15,0.0,0.99998474,1.5586058e-05,1e-45,0.0
round_3,phase1,20,0,D1_2,4,1.4092057e-13,6.384125e-20,0.0,0.0,1.0,0.0
round_2,phase3,20,0,D1_2,1,1.215981e-07,1.0,6.1447734e-29,0.0,4.4718922e-35,0.0
round_2,phase2,20,0,D1_2,2,4.707259e-13,3.8739897e-25,0.9999466,5.331766e-05,2.4574e-40,1.5121104e-21
round_2,phase1,20,0,D1_2,5,7.462309e-15,0.0,0.0,0.0,8.855237e-08,1.0
round_4,phase3,20,0,D1_2,0,1.0,0.0,7.9824516e-19,6.041047e-13,3.3239068e-16,0.0
round_4,phase2,20,0,D1_2,1,1.3675873e-10,1.0,3.12773e-13,1.0498569e-35,4.572354e-28,0.0
round_4,phase1,20,0,D1_2,4,1.8573043e-06,5.255165e-35,0.0,0.0,0.9999981,0.0
round_1,phase3,20,0,D1_2,3,7.435636e-20,8.29603e-28,1.4270837e-22,0.999897,8.521381e-37,0.00010314609
round_1,phase2,20,0,D1_2,2,1.1303296e-22,3.360854e-25,1.0,4.709717e-14,0.0,0.0
round_1,phase1,20,0,D1_2,1,7.222975e-10,0.9999819,1.8339837e-05,1.5245489e-32,5.97e-43,1.154818e-39
round_3,phase3,21,1,D1_3,4,1.3999661e-05,1.1360842e-28,0.0,0.0,0.9999862,0.0
round_3,phase2,21,1,D1_3,0,1.0,6.1710544e-08,0.0,6.1781317e-27,1.9800974e-14,0.0
round_3,phase1,21,1,D1_3,1,0.00016042496,0.9998398,0.0,0.0,4.7871184e-24,0.0
round_2,phase3,21,1,D1_3,3,0.002778257,1.5005514e-18,0.0,0.997222,2.34045e-40,1.0914608e-37
round_2,phase2,21,1,D1_3,3,4.3255914e-06,0.0,6.4106243e-21,0.99999523,2.477793e-29,1.7413759e-31
round_2,phase1,21,1,D1_3,4,2.635891e-11,0.0,0.0,5.2e-44,1.0,9.79577e-25
round_4,phase3,21,1,D1_3,0,0.99112374,0.0,0.0,0.0,0.008876071,0.0
round_4,phase2,21,1,D1_3,0,1.0,1.1e-44,0.0,0.0,1.2528922e-07,0.0
round_4,phase1,21,1,D1_3,2,2.3353852e-19,8.656511e-19,1.0,4.9876516e-28,4.352e-42,9.557236e-13
round_1,phase3,21,1,D1_3,2,5.638827e-21,6.10729e-10,1.0,8.124023e-23,0.0,2.3754995e-15
round_1,phase2,21,1,D1_3,2,1.2891962e-11,0.0,1.0,1.1428053e-07,0.0,0.0
round_1,phase1,21,1,D1_3,1,5.4317167e-07,0.99999905,3.154e-42,4.747062e-37,1.6780579e-19,2.8073646e-29
round_3,phase3,22,0,D1_3,5,7.7578265e-15,2.9146766e-31,4.34e-43,0.0,7.354319e-17,1.0
round_3,phase2,22,0,D1_3,0,1.0,1.29e-43,5.4809863e-25,4.8804485e-12,2.795777e-12,0.0
round_3,phase1,22,0,D1_3,4,7.3725515e-09,1.3737e-41,0.0,0.0,1.0,4.2694023e-10
round_2,phase3,22,0,D1_3,2,7.249993e-27,4.2699837e-31,0.9909763,3.29399e-39,0.0,0.00902332
round_2,phase2,22,0,D1_3,3,4.0126765e-06,0.0,9.141234e-11,0.9999962,5.1429265e-31,9e-44
round_2,phase1,22,0,D1_3,3,7.878599e-07,0.0,1.6788958e-35,0.99999905,2.4550761e-25,0.0
round_4,phase3,22,0,D1_3,4,0.006791956,2.3927013e-19,0.0,0.0,0.9932082,0.0
round_4,phase2,22,0,D1_3,0,0.9993965,6.798398e-30,0.0,0.0,0.00060340937,0.0
round_4,phase1,22,0,D1_3,1,0.00068554137,0.99931455,1.3848288e-23,0.0,2.0509685e-21,0.0
round_1,phase3,22,0,D1_3,1,3.902836e-12,1.0,0.0,0.0,1.0532093e-07,0.0
round_1,phase2,22,0,D1_3,2,2.2260645e-31,5.318234e-25,1.0,3.1147346e-07,6e-45,3.7588907e-29
round_1,phase1,22,0,D1_3,3,0.0010601744,3.0965425e-32,0.0,0.99894005,2.12012e-37,1.1396698e-20
round_3,phase3,23,0,D1_3,3,2.8392999e-05,0.0,1.2206013e-17,0.9999714,0.0,0.0
round_3,phase2,23,0,D1_3,3,9.210258e-15,1.089446e-39,7.486118e-22,1.0,0.0,0.0
round_3,phase1,23,0,D1_3,1,4.600431e-07,1.0,6.9e-44,0.0,9.530801e-36,0.0
round_2,phase3,23,0,D1_3,3,1.3465879e-06,5.4392717e-23,0.0,0.99999905,0.0,3.0237e-41
round_2,phase2,23,0,D1_3,0,0.9999924,0.0,1.2240082e-27,7.857024e-06,3.9885325e-14,0.0
round_2,phase1,23,0,D1_3,0,0.99972016,0.00028009553,4.1e-43,2.5e-44,6.9716794e-23,0.0
round_4,phase3,23,0,D1_3,0,1.0,0.0,0.0,0.0,0.0,0.0
round_4,phase2,23,0,D1_3,0,0.9965812,2.4058165e-08,0.0034186721,5.3376248e-17,6.965626e-21,0.0
round_4,phase1,23,0,D1_3,0,0.9999995,8.481254e-17,0.0,0.0,2.7863112e-07,0.0
round_1,phase3,23,0,D1_3,5,1.9850796e-12,3.2507564e-35,0.0,2.1354995e-07,3.254011e-25,1.0
round_1,phase2,23,0,D1_3,2,3.8308977e-27,7.439786e-18,1.0,6.7384364e-14,0.0,4.5e-44
round_1,phase1,23,0,D1_3,4,1.5088656e-07,0.0019697063,0.0,0.0,0.99803025,0.0
round_3,phase3,24,1,D1_3,4,1.6564332e-05,1.2889759e-17,0.0,0.0,0.9999833,0.0
round_3,phase2,24,1,D1_3,0,0.9999981,0.0,0.0,1.7247809e-06,9.046336e-12,1.850413e-39
round_3,phase1,24,1,D1_3,2,4.86559e-40,0.0,1.0,1.2607862e-22,0.0,0.0
round_2,phase3,24,1,D1_3,4,6.2615817e-07,0.0,0.0,1.896e-41,0.99999905,9.434578e-29
round_2,phase2,24,1,D1_3,3,1.3619451e-08,0.0,5.1581053e-27,1.0,0.0,0.0
round_2,phase1,24,1,D1_3,5,1.0592222e-12,5.0584943e-34,1.5972064e-11,6.6360746e-23,4.2701793e-31,1.0
round_4,phase3,24,1,D1_3,4,0.001244926,1.4994601e-16,1.1e-44,2.76e-43,0.9987553,0.0
round_4,phase2,24,1,D1_3,0,1.0,0.0,0.0,6.9902e-27,5.9310526e-21,0.0
round_4,phase1,24,1,D1_3,0,1.0,2.0140559e-28,0.0,0.0,9.195253e-18,0.0
round_1,phase3,24,1,D1_3,2,1.2253153e-21,6.8766463e-15,1.0,8.68888e-16,0.0,1.3731e-13
round_1,phase2,24,1,D1_3,1,1.20809406e-17,1.0,1.2192927e-11,1.0673036e-31,6.630621e-27,0.0
round_1,phase1,24,1,D1_3,3,5.7686126e-08,0.0,9.911416e-20,1.0,2.0073981e-28,1.63e-43
round_3,phase3,25,0,D1_5,1,3.771668e-06,0.9999962,0.0,1e-45,6.1928557e-12,0.0
round_3,phase2,25,0,D1_5,2,1.1958172e-10,0.0,1.0,1.6428938e-09,0.0,0.0
round_3,phase1,25,0,D1_5,0,1.0,0.0,0.0,1.0586549e-15,1.0420369e-12,0.0
round_2,phase3,25,0,D1_5,5,1.1426948e-21,1.5384317e-37,1.5887295e-11,2.4e-44,5.235339e-34,1.0
round_2,phase2,25,0,D1_5,1,2.8543456e-09,1.0,6.0251226e-35,0.0,4.351317e-29,0.0
round_2,phase1,25,0,D1_5,0,1.0,4.61396e-31,0.0,0.0,1.3727056e-08,0.0
round_4,phase3,25,0,D1_5,2,1.443756e-16,0.0,0.99999905,1.034423e-06,0.0,0.0
round_4,phase2,25,0,D1_5,0,0.9999938,8.154393e-37,0.0,1.9248821e-31,6.2788604e-06,0.0
round_4,phase1,25,0,D1_5,0,0.99914396,0.0008558809,3.3147015e-31,1.8076273e-36,8.828217e-20,0.0
round_1,phase3,25,0,D1_5,3,8.518401e-12,3.2933263e-38,4.835357e-14,1.0,3.9023926e-33,1.1926164e-07
round_1,phase2,25,0,D1_5,0,0.99961,6.880794e-07,3.2956017e-30,4.831083e-20,0.00038952273,0.0
round_1,phase1,25,0,D1_5,4,1.0771514e-11,0.0,0.0,7.1e-44,1.0,2.49476e-40
round_3,phase3,26,1,D1_5,2,2.2277295e-16,4.3518956e-15,0.99999475,5.2010314e-06,0.0,0.0
round_3,phase2,26,1,D1_5,5,1.1251251e-13,6.785157e-38,0.0,0.0,6.6477776e-07,0.99999905
round_3,phase1,26,1,D1_5,0,1.0,2.7863305e-14,8.154542e-31,0.0,1.1021189e-34,0.0
round_2,phase3,26,1,D1_5,3,2.303963e-08,0.0,8.507302e-18,1.0,1.533e-42,0.0
round_2,phase2,26,1,D1_5,2,9.1336385e-29,1.6448963e-29,1.0,9.984228e-22,0.0,1.5759238e-30
round_2,phase1,26,1,D1_5,5,3.785926e-09,3.419522e-28,0.0,0.0,0.0014365179,0.9985638
round_4,phase3,26,1,D1_5,0,1.0,0.0,3e-45,1.5274828e-17,6.460724e-12,1.4943821e-33
round_4,phase2,26,1,D1_5,3,3.519249e-22,2.4748614e-24,5.439157e-12,1.0,0.0,0.0
round_4,phase1,26,1,D1_5,0,1.0,1.10212896e-16,0.0,0.0,7.0504355e-25,0.0
round_1,phase3,26,1,D1_5,5,2.1292284e-16,2.7284246e-20,1.0812628e-21,1.0581304e-22,3.061477e-28,1.0
round_1,phase2,26,1,D1_5,2,0.00080585544,0.0,0.6392344,0.35995948,1.4e-44,0.0
round_1,phase1,26,1,D1_5,4,6.41896e-05,2.567084e-25,0.0,0.0,0.9999361,9.785325e-30
